DEFAS,PORTUG,MATEM,INGLÊS,INDE_22,IPS,IEG,IDA,IPV,IAA,IAN,FASE,TURMA,ANO_INGRESSO,INSTITUIÇÃO_DE_ENSINO,PEDRA_22
-1,5.0,4.8,6.3,6.656,4.4,8.7,4.9,7.917,8.5,5.0,0,G,2022,Escola Pública,Ágata
-1,1.5,2.0,6.3,6.127,7.5,9.0,1.8,6.111,9.5,5.0,1,L,2022,Escola Pública,Ágata
-2,6.8,5.7,9.0,7.245,6.3,8.4,7.2,7.625,7.1,5.0,4,B,2021,Escola Pública,Ametista
-1,5.2,5.0,7.8,4.499,5.6,4.8,6.0,3.75,0.0,5.0,3,C,2019,Escola Pública,Quartzo
-1,5.2,1.5,6.3,6.454,6.9,8.3,3.3,6.944,9.0,5.0,2,I,2018,Escola Pública,Ágata
-1,9.7,9.5,6.3,8.513,7.5,9.3,9.6,9.417,10.0,5.0,0,S,2022,Escola Pública,Topázio
-1,8.0,7.5,6.3,7.59,7.5,9.1,7.8,7.111,9.5,5.0,1,J,2022,Escola Pública,Ametista
-2,4.8,2.3,2.7,6.012,5.0,7.4,3.3,6.292,10.0,5.0,3,I,2016,Escola Pública,Ágata
-3,8.0,0.5,6.3,5.539,5.0,8.5,4.3,4.5,9.0,2.5,1,H,2022,Escola Pública,Quartzo
-1,6.8,8.3,6.3,7.25,6.9,8.2,7.6,7.917,7.5,5.0,0,T,2021,Escola Pública,Ametista
-1,4.7,5.3,6.3,6.464,7.5,8.9,5.0,5.889,7.5,5.0,1,J,2019,Escola Pública,Ágata
-1,6.5,4.0,6.3,6.823,7.5,7.0,5.3,7.5,10.0,5.0,2,A,2020,Escola Pública,Ágata
-1,5.5,8.0,6.3,7.425,7.5,8.9,6.8,7.722,9.0,5.0,1,N,2022,Escola Pública,Ametista
-1,5.0,6.0,6.3,7.181,7.5,9.4,5.5,6.833,9.5,5.0,2,F,2022,Escola Pública,Ametista
-2,9.4,8.2,6.3,7.676,7.5,7.6,8.8,7.917,10.0,5.0,0,K,2022,Escola Pública,Ametista
0,7.8,5.7,9.0,7.564,7.5,7.1,7.5,6.458,8.3,10.0,3,B,2022,Escola Pública,Ametista
-1,10.0,7.0,6.3,7.68,7.5,8.8,8.5,7.667,8.0,5.0,2,Q,2022,Escola Pública,Ametista
-1,6.0,0.5,6.3,6.826,7.5,9.7,3.3,7.556,8.5,5.0,2,U,2022,Escola Pública,Ágata
0,4.5,6.0,5.0,7.339,7.5,8.1,5.2,6.167,9.6,10.0,3,N,2022,Escola Pública,Ametista
-1,7.5,7.5,6.3,7.883,8.1,9.0,7.5,8.5,9.5,5.0,2,A,2017,Rede Decisão,Ametista
0,7.5,4.3,6.3,7.897,7.5,8.6,5.9,8.444,9.5,10.0,2,J,2022,Escola Pública,Ametista
-1,2.5,0.5,6.3,5.313,6.9,4.9,1.5,6.444,10.0,5.0,1,P,2022,Escola Pública,Quartzo
0,8.2,7.8,6.3,8.264,5.6,9.3,8.0,8.667,10.0,10.0,0,O,2021,Rede Decisão,Topázio
-1,4.8,4.8,6.3,6.672,5.6,7.9,4.8,7.5,10.0,5.0,0,J,2022,Escola Pública,Ágata
0,8.7,7.9,6.3,7.515,7.5,7.9,8.3,6.583,9.0,10.0,0,Y,2022,Escola Pública,Ametista
-1,6.5,5.0,5.2,6.738,5.6,8.0,5.6,6.375,9.6,5.0,4,F,2016,Escola Pública,Ágata
0,7.1,5.5,6.3,7.259,6.3,6.6,6.3,7.417,10.0,10.0,0,R,2022,Escola Pública,Ametista
0,8.0,8.0,6.3,8.188,7.5,7.9,8.0,8.333,9.0,10.0,2,P,2019,Escola Pública,Topázio
0,8.4,9.4,6.3,8.325,7.5,8.7,8.9,8.25,8.5,10.0,0,Z,2022,Escola Pública,Topázio
-1,3.0,2.2,6.3,5.557,5.0,7.3,2.6,5.778,8.5,5.0,2,M,2022,Escola Pública,Quartzo
0,5.3,6.3,8.2,7.478,6.3,7.9,6.6,7.417,7.1,10.0,3,M,2022,Escola Pública,Ametista
0,8.0,7.0,6.3,8.306,7.5,9.1,7.5,8.167,9.5,10.0,1,D,2021,Escola Pública,Topázio
-1,9.1,9.5,6.3,7.911,8.1,8.6,9.3,8.167,8.5,5.0,0,A,2021,Escola Pública,Ametista
0,3.8,2.0,1.0,4.875,7.5,2.9,2.3,3.333,8.8,10.0,3,L,2022,Escola Pública,Quartzo
-3,7.3,6.0,8.5,7.056,5.0,8.9,7.3,7.792,7.5,2.5,4,F,2016,Rede Decisão,Ametista
-2,7.0,3.3,6.3,6.51,5.0,8.9,5.2,6.556,8.5,5.0,1,D,2020,Escola Pública,Ágata
-1,9.0,9.5,6.3,7.783,7.5,7.8,9.3,8.333,8.0,5.0,1,U,2022,Escola Pública,Ametista
0,6.7,5.3,8.8,7.468,5.0,8.8,6.9,6.292,7.5,10.0,5,L,2017,Rede Decisão,Ametista
0,7.5,8.0,8.5,8.122,6.9,8.2,8.0,7.792,8.3,10.0,3,L,2022,Escola Pública,Topázio
0,8.0,8.2,6.3,8.378,8.1,9.0,8.1,7.917,10.0,10.0,0,D,2022,Escola Pública,Topázio
-1,7.3,4.7,8.4,7.203,7.5,7.8,6.8,7.75,7.9,5.0,5,A,2016,Rede Decisão,Ametista
-1,4.8,4.7,2.7,6.438,7.5,6.0,4.0,7.944,8.3,5.0,5,C,2019,Escola Pública,Ágata
0,8.3,9.2,6.3,8.207,7.5,9.0,8.8,7.5,8.5,10.0,0,V,2022,Escola Pública,Topázio
0,7.0,3.0,6.3,6.313,4.4,6.9,5.0,5.778,7.4,10.0,2,A,2019,Escola Pública,Ágata
-3,6.7,5.0,6.3,5.987,5.6,5.8,6.0,6.583,7.5,2.5,3,I,2019,Escola Pública,Quartzo
-1,5.7,9.0,9.3,8.843,9.4,9.5,8.0,10.0,10.0,5.0,6,A,2019,Rede Decisão,Topázio
-1,6.0,4.0,6.3,6.731,6.3,9.2,5.0,6.778,7.9,5.0,2,F,2022,Escola Pública,Ágata
-1,7.6,7.8,6.3,6.839,4.4,8.2,7.7,7.417,7.9,5.0,0,Y,2022,Escola Pública,Ágata
-1,7.5,8.0,6.3,7.929,7.5,9.1,7.8,8.833,9.5,5.0,1,U,2022,Escola Pública,Ametista
-2,8.2,9.3,6.3,8.172,7.5,9.2,8.8,8.917,9.0,5.0,0,L,2021,Escola Pública,Topázio
0,8.5,4.5,6.3,7.776,7.5,9.3,6.5,6.778,9.0,10.0,1,P,2022,Escola Pública,Ametista
-1,0.0,5.0,6.3,4.733,7.5,4.5,2.5,4.708,5.4,5.0,3,M,2022,Escola Pública,Quartzo
-2,4.8,3.2,6.3,6.622,7.5,7.2,4.0,8.111,9.0,5.0,2,D,2022,Escola Pública,Ágata
-1,9.5,9.5,6.3,8.232,7.5,10.0,9.5,7.889,9.0,5.0,1,B,2020,Escola Pública,Topázio
-1,8.8,8.3,6.3,8.041,7.5,9.7,8.6,7.667,10.0,5.0,1,L,2019,Escola Pública,Ametista
-1,3.2,8.0,6.3,7.482,7.5,9.1,5.6,8.5,9.0,5.0,2,P,2019,Escola Pública,Ametista
-1,2.0,0.7,6.3,5.722,7.5,7.0,1.3,6.778,9.0,5.0,1,J,2019,Escola Pública,Quartzo
-1,7.2,4.7,5.9,6.75,5.6,9.2,5.9,5.833,8.3,5.0,4,P,2018,Rede Decisão,Ágata
-1,8.2,8.3,8.8,8.656,7.5,9.9,8.4,9.25,10.0,5.0,3,F,2016,Rede Decisão,Topázio
-1,6.3,10.0,9.7,8.087,6.9,7.9,8.6,9.111,9.2,5.0,6,A,2021,Rede Decisão,Topázio
-1,5.8,6.2,5.5,6.763,5.6,7.2,5.8,7.042,8.8,5.0,3,G,2019,Escola Pública,Ágata
-1,8.0,9.7,6.3,7.83,7.5,8.0,8.8,8.278,9.5,5.0,1,P,2021,Escola Pública,Ametista
0,5.7,4.2,6.3,7.683,7.5,8.9,4.9,8.333,9.0,10.0,2,J,2018,Escola Pública,Ametista
-1,4.2,3.0,3.5,5.195,7.5,3.0,3.6,6.889,5.8,5.0,5,C,2019,Escola Pública,Quartzo
-1,4.5,1.3,3.8,5.159,6.3,5.1,3.2,4.792,7.5,5.0,4,P,2018,Escola Pública,Quartzo
0,2.7,4.2,6.3,7.205,7.5,9.5,3.4,7.25,8.5,10.0,0,O,2022,Escola Pública,Ametista
0,8.5,8.2,6.3,8.229,5.6,9.6,8.3,7.778,9.0,10.0,1,C,2021,Escola Pública,Topázio
-2,6.5,6.8,6.3,7.18,7.5,8.3,6.7,7.333,8.9,5.0,1,M,2020,Escola Pública,Ametista
0,7.0,8.9,6.3,7.862,8.1,8.7,8.0,6.333,9.5,10.0,0,A,2022,Escola Pública,Ametista
-1,9.3,9.6,6.3,8.154,7.5,8.9,9.5,9.083,8.5,5.0,0,Z,2022,Escola Pública,Topázio
-1,8.8,8.8,6.3,7.617,8.1,8.2,8.8,7.417,8.5,5.0,0,A,2021,Escola Pública,Ametista
1,7.5,6.7,9.7,8.646,8.1,9.4,8.0,8.667,7.5,10.0,4,A,2020,Rede Decisão,Topázio
0,8.0,8.3,10.0,8.712,7.5,9.6,8.8,8.5,8.3,10.0,5,K,2021,Rede Decisão,Topázio
-1,7.7,5.3,7.7,7.305,7.5,8.0,6.9,7.375,7.9,5.0,3,M,2022,Escola Pública,Ametista
0,6.5,5.0,5.6,7.407,6.9,7.6,5.7,7.667,7.9,10.0,4,F,2021,Escola Pública,Ametista
-2,9.1,9.1,6.3,7.659,7.5,6.7,9.1,8.417,9.5,5.0,0,F,2021,Escola Pública,Ametista
-1,4.7,1.3,6.3,6.446,7.5,9.1,3.0,6.0,9.5,5.0,2,U,2019,Escola Pública,Ágata
-1,5.5,5.8,6.3,6.683,7.5,6.8,5.7,7.556,8.5,5.0,1,B,2018,Escola Pública,Ágata
-1,8.3,5.5,6.3,7.004,5.6,8.7,6.9,7.5,6.9,5.0,1,R,2021,Escola Pública,Ágata
-1,8.2,4.8,9.4,7.368,8.1,8.1,7.5,8.25,7.1,5.0,5,B,2019,Escola Pública,Ametista
0,6.5,4.3,6.3,7.776,7.5,9.6,5.4,7.5,9.5,10.0,0,U,2022,Escola Pública,Ametista
0,2.0,5.0,6.3,7.209,7.5,8.7,3.5,6.833,9.6,10.0,3,C,2022,Escola Pública,Ametista
0,6.5,7.7,6.3,7.819,6.3,8.7,7.1,7.417,10.0,10.0,0,S,2022,Escola Pública,Ametista
-2,6.0,3.0,6.3,5.665,7.5,5.6,4.5,5.917,7.5,5.0,5,B,2022,Escola Pública,Quartzo
-2,9.4,9.6,6.3,8.197,7.5,9.0,9.5,8.417,10.0,5.0,0,K,2022,Escola Pública,Topázio
-1,5.8,6.5,6.3,7.025,7.5,8.0,6.2,7.167,9.5,5.0,0,O,2022,Escola Pública,Ágata
-1,7.7,9.5,9.5,6.847,5.6,6.3,8.9,7.292,5.4,5.0,5,F,2018,Rede Decisão,Ágata
-2,6.0,3.0,5.3,6.196,7.5,6.7,4.8,6.417,7.5,5.0,3,E,2017,Escola Pública,Ágata
-1,5.8,4.8,7.8,7.268,7.5,8.4,6.2,6.958,9.6,5.0,3,C,2022,Escola Pública,Ametista
0,0.0,0.0,6.3,4.245,7.5,4.9,0.0,4.542,0.0,10.0,3,E,2022,Escola Pública,Quartzo
-4,2.5,0.7,0.2,3.7,5.0,3.4,1.1,4.292,7.9,2.5,3,L,2022,Escola Pública,Quartzo
-2,7.0,1.8,6.3,5.949,5.0,8.1,4.4,5.167,9.5,5.0,1,G,2019,Escola Pública,Quartzo
0,9.2,7.1,6.3,8.488,7.5,9.9,8.1,8.889,6.9,10.0,2,B,2019,Escola Pública,Topázio
-2,6.8,7.0,6.3,7.285,5.0,8.9,6.9,8.0,9.5,5.0,0,G,2020,Escola Pública,Ametista
-1,7.0,7.5,6.3,8.0,6.9,10.0,7.3,9.5,9.0,5.0,0,B,2022,Escola Pública,Ametista
-3,7.3,6.5,9.7,7.138,7.5,8.4,7.8,7.542,7.5,2.5,5,A,2022,Escola Pública,Ametista
-1,8.0,5.0,6.3,7.591,7.5,9.5,6.5,7.556,10.0,5.0,1,D,2022,Escola Pública,Ametista
-1,5.0,8.0,6.3,7.619,7.5,9.4,6.5,8.222,9.5,5.0,1,P,2022,Escola Pública,Ametista
-2,7.3,6.3,6.3,7.074,5.0,8.7,6.8,7.333,9.5,5.0,1,J,2020,Escola Pública,Ametista
-1,6.5,4.7,6.3,7.407,7.5,9.3,5.6,7.917,10.0,5.0,1,U,2022,Escola Pública,Ametista
-1,5.3,3.7,6.3,5.844,7.5,5.6,4.5,5.833,8.5,5.0,1,U,2021,Escola Pública,Quartzo
0,8.2,8.5,6.3,8.398,7.5,9.1,8.4,8.0,10.0,10.0,0,Z,2022,Escola Pública,Topázio
-1,8.5,9.2,6.3,7.729,8.1,8.6,8.8,8.083,7.5,5.0,0,D,2022,Escola Pública,Ametista
-1,7.5,6.3,6.3,6.955,7.5,7.6,6.9,7.167,8.0,5.0,0,N,2022,Escola Pública,Ágata
-1,4.0,4.7,2.8,6.259,8.1,4.8,3.8,7.278,9.6,5.0,6,A,2016,Rede Decisão,Ágata
0,3.6,5.7,8.9,7.37,8.8,5.2,6.1,7.944,8.8,10.0,6,A,2018,Rede Decisão,Ametista
-2,1.8,2.0,6.3,6.026,6.9,9.0,1.9,6.25,9.0,5.0,1,G,2022,Escola Pública,Ágata
-1,5.0,3.0,6.3,6.44,7.5,8.1,4.0,7.444,6.8,5.0,1,L,2022,Escola Pública,Ágata
-1,6.7,4.3,6.3,6.866,7.5,7.9,5.5,6.833,10.0,5.0,1,A,2021,Escola Pública,Ágata
-1,6.8,7.2,6.3,7.541,7.5,9.5,7.0,7.417,9.5,5.0,0,D,2022,Escola Pública,Ametista
-1,1.8,0.3,0.0,3.846,5.0,2.7,0.7,4.625,7.1,5.0,5,F,2019,Escola Pública,Quartzo
0,5.5,4.0,6.0,7.429,7.5,7.6,5.2,7.292,9.2,10.0,3,F,2022,Escola Pública,Ametista
-1,5.7,6.8,6.3,7.502,7.5,8.8,6.3,8.444,9.0,5.0,1,A,2021,Escola Pública,Ametista
0,6.3,4.7,1.0,6.618,7.5,6.8,4.0,5.625,8.8,10.0,3,K,2019,Escola Pública,Ágata
0,5.7,8.3,6.0,8.15,5.6,9.7,6.7,8.0,9.2,10.0,4,A,2017,Rede Decisão,Topázio
-2,3.0,4.5,2.3,5.271,7.5,3.0,3.3,7.278,7.1,5.0,5,C,2022,Escola Pública,Quartzo
-2,5.7,8.7,7.3,7.04,5.6,6.6,7.2,8.0,8.3,5.0,5,F,2018,Rede Decisão,Ametista
-1,5.9,6.6,6.3,7.461,7.5,7.4,6.3,9.417,10.0,5.0,0,V,2022,Escola Pública,Ametista
-2,6.7,4.3,6.3,6.723,7.5,6.6,5.5,7.5,9.5,5.0,1,G,2018,Escola Pública,Ágata
-2,7.5,6.0,6.3,6.671,7.5,6.8,6.8,5.958,7.9,5.0,5,K,2022,Escola Pública,Ágata
-1,5.5,1.0,6.3,6.307,5.6,9.7,3.3,6.0,9.5,5.0,1,F,2022,Escola Pública,Ágata
-1,0.0,0.0,6.3,5.412,7.5,6.5,0.0,7.556,7.5,5.0,2,D,2022,Escola Pública,Quartzo
1,8.2,6.7,6.3,8.287,7.5,9.7,7.4,7.778,9.5,10.0,1,B,2021,Rede Decisão,Topázio
-2,7.5,7.8,6.3,7.604,7.5,9.5,7.7,7.833,6.9,5.0,1,D,2017,Escola Pública,Ametista
-2,4.7,0.0,6.3,5.561,5.0,8.6,2.3,5.444,9.5,5.0,2,Q,2018,Escola Pública,Quartzo
-1,8.2,8.0,6.3,7.558,6.3,8.4,8.1,8.0,9.0,5.0,2,I,2017,Escola Pública,Ametista
-1,7.5,8.7,6.3,7.203,5.6,6.8,8.1,7.889,9.0,5.0,2,I,2021,Escola Pública,Ametista
-1,4.3,7.7,6.3,7.417,6.9,10.0,6.0,7.583,9.5,5.0,0,T,2022,Escola Pública,Ametista
-1,4.0,3.8,6.3,6.03,7.5,7.2,3.9,5.375,7.5,5.0,3,M,2019,Escola Pública,Ágata
-1,8.5,8.5,6.3,7.908,5.6,10.0,8.5,8.0,9.0,5.0,2,B,2019,Escola Pública,Ametista
-1,5.3,2.3,2.3,5.848,7.5,4.5,3.3,7.222,7.9,5.0,7,A,2021,Escola Pública,Quartzo
-1,7.8,6.7,7.9,6.576,5.6,7.6,7.5,6.5,7.1,5.0,5,B,2017,Escola Pública,Ágata
-1,9.0,9.0,6.3,8.117,7.5,10.0,9.0,7.5,9.0,5.0,2,L,2022,Escola Pública,Topázio
-3,5.0,0.0,0.5,4.837,7.5,3.7,1.8,6.292,7.9,2.5,3,L,2022,Escola Pública,Quartzo
-1,6.0,3.7,3.3,5.527,5.6,5.7,4.3,5.125,7.1,5.0,3,K,2017,Escola Pública,Quartzo
0,8.2,8.4,8.9,9.354,9.4,10.0,8.5,9.667,8.8,10.0,5,L,2017,Rede Decisão,Topázio
-1,5.5,6.0,6.3,6.433,5.6,7.9,5.8,6.667,7.4,5.0,0,D,2022,Escola Pública,Ágata
0,5.0,7.0,6.3,6.799,6.9,4.4,6.0,7.333,10.0,10.0,0,T,2022,Escola Pública,Ágata
-1,7.5,0.0,6.3,6.924,7.5,9.4,3.8,7.5,9.0,5.0,2,P,2022,Escola Pública,Ágata
-2,8.5,9.2,6.3,7.303,7.5,7.4,8.8,7.278,7.4,5.0,1,M,2019,Escola Pública,Ametista
-1,9.0,0.0,6.3,6.575,7.5,7.4,4.5,7.556,8.0,5.0,1,C,2022,Escola Pública,Ágata
0,3.5,5.0,6.3,6.243,5.0,7.3,4.3,5.833,6.7,10.0,5,K,2022,Escola Pública,Ágata
-1,2.5,1.8,4.5,5.323,5.0,4.2,3.0,6.389,9.2,5.0,7,A,2016,Escola Pública,Quartzo
-2,8.0,5.5,6.3,7.308,7.5,8.6,6.8,7.556,8.5,5.0,1,R,2022,Escola Pública,Ametista
-2,5.7,0.2,6.3,5.249,3.8,5.8,2.9,6.722,8.0,5.0,2,A,2018,Escola JP II,Quartzo
0,8.9,9.4,6.3,8.65,8.1,9.2,9.2,8.583,8.5,10.0,0,A,2022,Escola Pública,Topázio
0,7.0,5.7,3.4,7.501,5.6,8.2,5.4,7.875,8.3,10.0,4,B,2016,Rede Decisão,Ametista
0,5.2,5.7,4.2,7.44,7.5,8.2,5.0,6.458,10.0,10.0,3,G,2019,Escola Pública,Ametista
-1,2.3,1.0,0.5,4.563,5.0,3.8,1.3,5.542,7.5,5.0,3,G,2019,Escola Pública,Quartzo
0,4.4,8.5,9.7,7.605,7.5,6.4,7.5,7.333,8.8,10.0,6,A,2021,Escola Pública,Ametista
0,7.5,6.7,8.5,8.465,7.5,8.8,7.6,8.458,9.2,10.0,3,C,2021,Escola Pública,Topázio
-2,6.8,4.0,6.3,6.777,6.3,7.7,5.4,7.333,9.0,5.0,2,I,2017,Escola Pública,Ágata
-2,3.5,5.0,6.3,4.87,7.5,6.1,4.3,5.125,0.0,5.0,3,C,2022,Escola Pública,Quartzo
-2,5.0,5.8,6.3,7.232,7.5,9.3,5.4,7.667,9.5,5.0,0,Q,2022,Escola Pública,Ametista
-2,5.0,6.0,6.3,6.596,7.5,6.8,5.5,6.417,8.8,5.0,5,K,2022,Escola Pública,Ágata
-1,6.0,7.3,6.3,6.525,7.5,8.1,6.7,5.417,8.9,5.0,0,G,2022,Escola Pública,Ágata
-2,7.7,4.2,6.3,6.9,7.5,7.4,5.9,7.167,9.5,5.0,2,B,2020,Escola Pública,Ágata
-1,7.2,6.8,6.3,7.303,5.6,9.5,7.0,7.5,8.5,5.0,1,F,2019,Escola Pública,Ametista
0,4.2,3.0,1.8,5.672,7.5,5.1,3.0,5.056,6.7,10.0,3,N,2022,Escola Pública,Quartzo
-1,5.8,5.6,6.3,6.976,7.5,7.9,5.7,7.25,10.0,5.0,0,K,2022,Escola Pública,Ágata
-1,5.3,2.7,2.3,4.44,7.5,5.1,3.4,4.417,0.0,5.0,3,C,2022,Escola Pública,Quartzo
-2,6.3,5.3,7.2,7.022,5.6,8.1,6.3,6.625,10.0,5.0,3,G,2018,Escola Pública,Ágata
0,8.0,7.0,6.3,8.0,7.5,9.6,7.5,7.333,7.4,10.0,1,D,2022,Escola Pública,Ametista
-1,9.5,8.5,6.3,8.058,5.6,9.2,9.0,9.167,9.5,5.0,0,J,2022,Escola Pública,Ametista
-1,8.2,6.5,6.3,7.556,7.5,9.0,7.3,7.778,8.5,5.0,2,L,2018,Escola Pública,Ametista
-2,7.3,8.7,6.3,6.026,5.0,5.1,8.0,5.833,8.0,5.0,0,G,2019,Escola Pública,Ágata
-1,8.0,6.0,6.3,7.461,7.5,9.7,7.0,7.722,7.5,5.0,1,A,2022,Escola Pública,Ametista
-1,6.2,9.7,6.3,7.594,7.5,9.2,7.9,7.167,9.0,5.0,1,M,2021,Escola Pública,Ametista
0,4.0,4.0,3.0,7.11,7.5,7.5,3.7,7.208,9.6,10.0,3,F,2022,Escola Pública,Ametista
0,9.0,7.0,6.3,7.961,4.4,9.2,8.0,8.722,6.9,10.0,2,A,2019,Rede Decisão,Ametista
0,6.5,5.3,9.2,7.502,7.5,8.5,7.0,5.583,7.9,10.0,3,D,2018,Escola Pública,Ametista
0,6.5,8.0,6.3,8.064,7.5,9.7,7.3,7.333,9.0,10.0,0,O,2022,Escola Pública,Topázio
-1,0.7,1.2,2.9,4.786,6.3,4.6,1.6,6.278,7.1,5.0,7,A,2018,Escola Pública,Quartzo
0,6.3,5.0,8.7,8.155,5.6,8.9,6.7,8.5,9.2,10.0,3,B,2016,Rede Decisão,Topázio
-1,6.5,4.7,2.1,7.357,9.4,8.3,4.4,7.792,10.0,5.0,4,L,2018,Escola Pública,Ametista
-1,6.3,7.3,5.7,7.897,6.9,10.0,6.4,8.667,8.8,5.0,3,N,2022,Escola Pública,Ametista
0,6.8,4.7,5.5,6.922,6.9,7.7,5.7,6.0,6.7,10.0,4,A,2019,Escola Pública,Ágata
0,5.5,4.0,6.3,6.973,7.5,6.9,4.8,6.889,9.0,10.0,2,F,2022,Escola Pública,Ágata
0,4.4,7.8,6.3,7.587,7.5,7.8,6.1,7.417,10.0,10.0,0,M,2022,Escola Pública,Ametista
0,3.0,5.8,6.3,6.985,7.5,7.5,4.4,6.583,10.0,10.0,0,H,2022,Escola Pública,Ágata
-1,5.0,8.0,6.3,6.71,5.0,8.7,6.5,6.389,9.5,5.0,1,A,2022,Escola Pública,Ágata
0,4.0,5.8,6.9,6.591,5.6,7.9,5.6,7.556,0.0,10.0,7,A,2016,Rede Decisão,Ágata
0,7.5,6.0,8.3,8.218,4.4,9.7,7.3,8.292,8.8,10.0,3,B,2021,Rede Decisão,Topázio
0,6.3,9.3,6.3,8.012,7.5,7.9,7.8,8.444,8.0,10.0,2,U,2019,Escola Pública,Ametista
-1,7.7,8.5,6.3,7.382,5.6,8.5,8.1,7.75,9.0,5.0,0,J,2021,Rede Decisão,Ametista
-3,4.8,4.0,1.7,5.942,7.5,6.9,3.5,6.375,8.8,2.5,3,D,2019,Escola Pública,Quartzo
-1,6.2,9.6,6.3,7.598,7.5,7.5,7.9,8.5,10.0,5.0,0,M,2022,Escola Pública,Ametista
-1,8.5,6.0,6.3,7.413,7.5,8.8,7.3,7.722,8.5,5.0,1,A,2022,Escola Pública,Ametista
-2,6.0,6.5,6.3,6.98,7.5,7.2,6.3,7.417,10.0,5.0,0,Q,2022,Escola Pública,Ágata
-1,6.2,2.2,6.3,6.301,6.9,7.9,4.2,6.167,10.0,5.0,1,G,2021,Escola Pública,Ágata
0,5.7,4.7,10.0,7.04,7.5,5.6,6.8,5.944,8.8,10.0,3,N,2021,Escola Pública,Ametista
0,8.6,9.5,6.3,8.121,6.3,8.7,9.0,7.5,9.5,10.0,0,R,2022,Escola Pública,Topázio
-1,8.2,8.0,6.3,7.911,7.5,9.1,8.1,8.333,9.0,5.0,0,L,2022,Escola Pública,Ametista
-1,7.0,5.0,6.3,6.962,5.6,8.8,6.0,7.333,8.5,5.0,1,E,2022,Escola Pública,Ágata
-1,7.0,6.5,6.3,6.996,7.5,7.4,6.8,7.25,9.0,5.0,1,U,2022,Escola Pública,Ágata
0,3.2,2.3,6.3,6.986,7.5,8.8,2.8,7.333,8.5,10.0,2,A,2021,Escola Pública,Ágata
-1,10.0,6.0,6.3,8.428,7.5,10.0,8.0,9.556,10.0,5.0,2,L,2022,Escola Pública,Topázio
-1,7.7,6.5,7.3,7.29,5.0,8.3,7.1,7.625,9.2,5.0,5,K,2017,Rede Decisão,Ametista
-1,6.0,4.0,6.3,6.323,7.5,6.5,5.0,6.125,9.2,5.0,4,H,2022,Escola Pública,Ágata
-2,6.8,2.3,6.3,6.35,7.5,6.5,4.6,7.111,9.0,5.0,2,M,2022,Escola Pública,Ágata
0,6.8,5.0,6.0,6.806,7.5,6.9,5.9,5.625,6.7,10.0,3,K,2019,Escola Pública,Ágata
-1,2.0,3.0,6.3,6.245,7.5,8.5,2.5,6.778,8.0,5.0,2,M,2022,Escola Pública,Ágata
0,8.0,9.5,6.3,8.75,7.5,10.0,8.8,8.167,9.5,10.0,2,F,2019,Escola Pública,Topázio
0,2.8,2.2,6.3,4.28,7.5,3.1,2.5,2.5,9.0,10.0,0,E,2021,Escola Pública,Quartzo
-1,4.5,5.0,6.3,6.287,7.5,5.6,4.8,7.167,9.0,5.0,2,Q,2021,Escola Pública,Ágata
-2,9.0,4.5,6.3,6.309,5.6,7.5,6.8,5.583,8.5,5.0,1,F,2022,Escola Pública,Ágata
-1,6.8,4.7,2.5,6.607,7.5,6.8,4.7,7.375,8.8,5.0,4,F,2021,Escola Pública,Ágata
0,4.0,5.0,6.3,7.175,7.5,8.1,4.5,6.778,9.0,10.0,2,M,2022,Escola Pública,Ametista
0,7.2,7.0,10.0,8.253,6.3,9.0,8.1,7.542,9.2,10.0,4,L,2020,Escola Pública,Topázio
-2,8.3,7.7,6.3,8.079,7.5,9.9,8.0,8.167,10.0,5.0,1,D,2022,Escola Pública,Topázio
0,6.5,4.5,10.0,8.404,7.5,10.0,7.0,8.25,10.0,10.0,5,B,2019,Rede Decisão,Topázio
-1,9.7,10.0,6.3,8.465,7.5,9.2,9.8,9.5,8.0,5.0,1,A,2020,Rede Decisão,Topázio
-1,7.3,6.5,6.3,7.451,7.5,8.8,6.9,8.167,8.0,5.0,1,U,2022,Escola Pública,Ametista
-1,2.7,5.3,6.3,5.335,7.5,6.2,4.0,6.944,0.0,5.0,1,D,2021,Escola Pública,Quartzo
-1,9.5,7.5,6.3,7.585,7.5,8.6,8.5,6.611,9.5,5.0,2,M,2022,Escola Pública,Ametista
0,5.7,3.7,6.3,6.599,7.5,6.2,4.7,6.444,7.9,10.0,2,M,2022,Escola Pública,Ágata
-1,1.7,5.7,5.0,5.372,7.5,3.8,4.1,4.833,9.6,5.0,3,B,2020,Escola Pública,Quartzo
-1,9.7,7.2,6.3,7.381,5.6,8.5,8.4,7.778,8.0,5.0,1,K,2020,Escola Pública,Ametista
0,6.3,3.7,6.3,7.398,7.5,9.1,5.0,6.889,8.5,10.0,1,K,2020,Escola Pública,Ametista
-2,5.8,8.6,6.3,7.3,7.5,8.5,7.2,7.5,8.5,5.0,0,V,2022,Escola Pública,Ametista
0,9.0,5.8,6.3,7.902,7.5,9.4,7.4,6.833,9.5,10.0,2,A,2022,Escola Pública,Ametista
0,4.5,3.7,6.3,7.335,7.5,8.9,4.1,7.333,9.5,10.0,0,O,2022,Escola Pública,Ametista
0,6.3,1.7,9.3,7.533,7.5,7.4,5.8,7.875,9.2,10.0,5,B,2021,Escola Pública,Ametista
-2,5.0,4.7,6.8,5.705,4.4,5.6,5.5,4.917,7.9,5.0,3,B,2018,Escola JP II,Quartzo
-2,4.5,5.7,6.3,6.34,5.0,6.8,5.1,6.611,10.0,5.0,2,M,2019,Escola Pública,Ágata
-2,9.3,9.8,6.3,8.339,7.5,9.7,9.6,8.278,9.5,5.0,1,M,2021,Escola Pública,Topázio
0,6.0,5.0,6.3,7.972,7.5,9.7,5.5,8.111,9.0,10.0,2,P,2022,Escola Pública,Ametista
0,7.2,6.5,5.4,6.802,5.6,5.8,6.3,6.042,8.8,10.0,3,M,2019,Escola Pública,Ágata
-1,8.0,8.3,6.3,8.261,7.5,9.9,8.2,8.944,9.5,5.0,1,J,2020,Escola Pública,Topázio
0,7.3,6.3,6.7,7.278,5.0,8.2,6.8,6.708,7.1,10.0,3,M,2019,Rede Decisão,Ametista
-1,9.5,8.0,6.3,7.7,7.5,8.8,8.8,7.556,8.5,5.0,1,B,2018,Escola Pública,Ametista
-3,8.5,8.0,6.3,7.306,6.9,8.6,8.3,7.944,8.0,2.5,1,J,2018,Escola Pública,Ametista
0,8.5,6.5,6.3,8.175,7.5,9.4,7.5,8.222,8.0,10.0,2,L,2020,Rede Decisão,Topázio
-2,3.8,3.7,6.0,6.4,7.5,7.5,4.5,6.0,7.9,5.0,3,M,2022,Escola Pública,Ágata
-1,8.2,8.0,6.3,7.44,2.5,9.8,8.1,8.083,9.0,5.0,0,E,2021,Escola Pública,Ametista
0,5.7,8.0,6.3,7.794,7.5,8.8,6.8,7.333,8.5,10.0,1,B,2021,Escola Pública,Ametista
-2,5.8,5.5,6.3,5.79,4.4,5.7,5.7,6.417,7.9,5.0,0,N,2021,Escola Pública,Quartzo
-1,5.7,5.5,8.5,6.645,5.6,5.7,6.6,7.125,9.2,5.0,5,L,2016,Rede Decisão,Ágata
0,8.8,9.7,6.3,8.361,6.3,9.1,9.3,8.0,10.0,10.0,0,R,2022,Escola Pública,Topázio
-3,5.7,1.3,5.4,6.328,7.5,8.0,4.1,6.958,7.5,2.5,3,A,2021,Escola Pública,Ágata
-1,8.1,9.8,6.3,7.488,7.5,7.0,9.0,7.833,9.5,5.0,0,Y,2022,Escola Pública,Ametista
-2,2.0,2.0,6.3,5.675,6.3,6.5,2.0,7.444,7.4,5.0,2,K,2018,Escola Pública,Quartzo
0,8.9,8.7,6.3,8.279,7.5,9.0,8.8,7.333,9.5,10.0,0,R,2021,Escola Pública,Topázio
-1,5.8,4.3,3.9,6.49,5.6,8.1,4.7,6.458,8.3,5.0,4,L,2021,Escola Pública,Ágata
-1,2.9,5.7,0.2,5.712,5.0,6.6,2.9,6.111,8.8,5.0,5,C,2017,Escola Pública,Quartzo
-2,8.2,8.8,6.3,7.679,6.9,8.1,8.5,8.083,10.0,5.0,0,F,2020,Escola Pública,Ametista
0,7.5,6.5,9.1,8.355,5.6,8.8,7.7,8.458,10.0,10.0,4,F,2019,Rede Decisão,Topázio
0,5.2,6.3,8.8,7.591,5.6,8.9,6.8,7.417,7.9,10.0,5,A,2019,Rede Decisão,Ametista
-1,8.0,8.0,6.3,6.864,5.0,6.2,8.0,7.833,9.0,5.0,0,C,2022,Escola Pública,Ágata
-2,2.2,1.3,0.0,4.332,7.5,2.0,1.2,5.833,7.9,5.0,5,C,2019,Escola Pública,Quartzo
-1,7.3,7.3,6.3,7.189,6.9,8.0,7.3,7.389,8.5,5.0,1,P,2022,Escola Pública,Ametista
-1,7.2,7.8,6.3,7.592,6.9,9.0,7.5,8.417,8.9,5.0,0,S,2022,Escola Pública,Ametista
-1,5.3,7.7,6.3,6.81,5.6,7.9,6.5,7.0,10.0,5.0,0,S,2022,Escola Pública,Ágata
-1,7.8,6.7,6.3,7.621,7.5,9.9,7.3,7.222,10.0,5.0,1,A,2020,Escola Pública,Ametista
-1,7.8,5.4,6.3,7.496,7.5,9.5,6.6,7.333,9.5,5.0,2,K,2019,Escola Pública,Ametista
0,5.0,6.3,2.8,6.943,5.0,8.1,4.7,7.042,7.1,10.0,3,F,2017,Rede Decisão,Ágata
-1,5.7,5.3,2.8,6.478,7.5,6.3,4.6,6.667,10.0,5.0,4,F,2019,Escola Pública,Ágata
0,7.8,5.3,9.7,8.063,5.6,9.8,7.6,7.5,7.1,10.0,4,L,2017,Rede Decisão,Topázio
-1,1.1,6.3,3.8,4.985,8.8,4.0,3.7,7.611,0.0,5.0,6,A,2022,Escola Pública,Quartzo
-1,6.5,4.7,6.3,6.512,7.5,7.7,5.6,5.833,8.0,5.0,2,Q,2019,Escola Pública,Ágata
-1,5.8,3.7,0.0,4.265,5.0,6.2,3.2,3.75,0.0,5.0,3,B,2022,Escola Pública,Quartzo
-1,9.0,5.5,6.3,6.969,5.0,7.9,7.3,7.5,8.0,5.0,2,F,2018,Rede Decisão,Ágata
-1,3.7,4.5,6.3,6.313,7.5,6.7,4.1,6.722,9.5,5.0,2,U,2022,Escola Pública,Ágata
0,7.0,8.0,6.3,8.264,7.5,10.0,7.5,8.444,7.0,10.0,2,D,2022,Escola Pública,Topázio
0,6.2,5.8,5.0,7.118,5.6,8.2,5.7,5.917,9.2,10.0,4,F,2017,Escola Pública,Ametista
-1,5.3,4.0,3.8,6.075,7.5,6.2,4.4,6.042,7.9,5.0,4,P,2019,Escola Pública,Ágata
-1,5.7,8.2,9.0,6.818,7.5,8.4,7.6,7.667,0.0,5.0,7,A,2017,Rede Decisão,Ágata
-1,4.3,3.2,6.3,4.949,5.0,7.2,3.8,3.75,6.9,5.0,1,H,2020,Escola Pública,Quartzo
-1,5.8,1.3,6.3,5.75,5.6,5.4,3.6,6.667,9.5,5.0,2,B,2021,Escola Pública,Quartzo
-1,0.0,6.0,0.0,4.989,7.5,3.3,2.0,5.833,9.6,5.0,5,C,2022,Escola Pública,Quartzo
0,9.8,8.8,6.3,8.971,7.5,10.0,9.3,9.0,9.5,10.0,1,K,2021,Escola Pública,Topázio
-1,4.8,2.7,1.7,5.557,6.3,6.9,3.1,5.875,5.4,5.0,3,M,2022,Escola Pública,Quartzo
0,8.5,9.2,6.3,8.717,7.5,9.3,8.8,9.111,8.5,10.0,2,L,2021,Escola Pública,Topázio
-1,7.3,6.3,10.0,7.947,7.5,9.2,7.9,8.208,8.3,5.0,4,H,2022,Escola Pública,Ametista
-1,5.5,7.0,6.3,6.79,7.5,7.3,6.3,6.417,8.3,5.0,3,E,2022,Escola Pública,Ágata
-1,3.5,7.0,5.0,6.892,7.5,8.5,5.2,6.0,9.6,5.0,3,D,2022,Escola Pública,Ágata
0,8.5,7.0,6.3,8.151,7.5,9.6,7.8,7.5,8.0,10.0,1,R,2022,Escola Pública,Topázio
-1,5.7,4.7,6.3,7.075,7.5,8.5,5.2,7.5,9.5,5.0,2,D,2019,Escola Pública,Ametista
-1,7.2,4.7,5.0,6.875,7.5,7.1,5.6,7.625,7.9,5.0,4,F,2016,Escola Pública,Ágata
-1,4.0,0.5,6.3,6.647,7.5,9.6,2.3,7.667,8.4,5.0,2,L,2022,Escola Pública,Ágata
-2,6.7,7.3,6.3,7.511,7.5,9.0,7.0,7.583,9.5,5.0,0,L,2021,Escola Pública,Ametista
-1,6.0,3.8,6.3,6.709,5.6,9.1,4.9,7.056,8.5,5.0,2,U,2019,Escola Pública,Ágata
0,4.5,3.7,6.2,6.72,5.6,7.9,4.8,6.083,8.3,10.0,5,A,2019,Rede Decisão,Ágata
-1,7.0,8.7,6.3,8.057,7.5,9.8,7.8,8.167,9.5,5.0,1,E,2022,Escola Pública,Ametista
-2,7.5,7.8,9.9,8.512,8.8,10.0,8.4,8.667,8.8,5.0,4,A,2021,Rede Decisão,Topázio
-1,8.0,8.8,6.3,7.642,7.5,8.6,8.4,7.667,9.0,5.0,0,O,2022,Escola Pública,Ametista
-1,7.0,9.0,9.3,7.305,5.6,8.1,8.4,7.875,7.1,5.0,5,B,2017,Rede Decisão,Ametista
-2,6.7,7.3,6.3,6.928,7.5,6.8,7.0,7.222,8.5,5.0,1,N,2022,Escola Pública,Ágata
-1,5.5,6.0,6.3,6.875,7.5,8.3,5.8,6.611,8.5,5.0,2,M,2022,Escola Pública,Ágata
-1,7.7,8.0,6.3,7.42,7.5,8.7,7.8,7.25,10.0,5.0,0,G,2021,Escola Pública,Ametista
-1,3.8,9.2,7.7,7.979,8.8,8.3,6.9,9.667,8.3,5.0,6,A,2021,Escola Pública,Ametista
-1,8.2,6.8,6.3,7.843,7.5,9.1,7.5,8.111,10.0,5.0,2,Q,2021,Escola Pública,Ametista
-2,2.3,3.3,6.3,5.852,6.9,5.7,2.8,7.167,9.0,5.0,2,J,2017,Escola Pública,Quartzo
-2,3.0,2.2,6.3,5.702,7.5,5.0,2.6,7.083,9.5,5.0,0,N,2022,Escola Pública,Quartzo
2,6.3,3.3,8.8,7.861,7.5,8.9,6.2,7.5,9.6,10.0,5,B,2018,Rede Decisão,Ametista
-1,6.7,2.0,6.3,6.957,7.5,9.0,4.3,7.5,9.0,5.0,2,F,2019,Escola Pública,Ágata
-2,7.2,8.5,6.3,7.504,7.5,8.9,7.8,7.417,9.0,5.0,0,O,2022,Escola Pública,Ametista
-1,5.7,1.0,6.3,6.39,6.9,6.9,3.3,8.167,9.5,5.0,1,G,2019,Escola Pública,Ágata
0,7.0,5.3,8.5,7.926,7.5,7.7,6.9,7.917,8.3,10.0,3,I,2019,Escola Pública,Ametista
-1,6.3,7.8,6.3,7.507,7.5,9.3,7.1,7.389,9.5,5.0,1,K,2021,Escola Pública,Ametista
-2,0.0,2.0,6.3,5.18,7.5,5.5,1.0,6.0,8.5,5.0,1,K,2018,Escola Pública,Quartzo
-1,7.0,7.3,6.3,7.218,5.6,9.0,7.2,7.5,8.5,5.0,0,J,2022,Escola Pública,Ametista
0,7.2,6.3,6.3,8.27,6.9,9.3,6.8,8.611,10.0,10.0,2,A,2022,Escola Pública,Topázio
-1,9.0,7.0,6.3,7.665,7.5,9.5,8.0,7.0,7.9,5.0,7,D,2022,Escola Pública,Ametista
-2,2.7,4.8,6.3,4.934,7.5,3.8,3.8,6.0,3.5,5.0,1,N,2019,Escola Pública,Quartzo
-1,8.0,6.0,6.3,6.143,7.5,6.0,7.0,8.111,0.0,5.0,2,P,2022,Escola Pública,Ágata
-2,6.5,5.7,5.2,6.682,5.0,8.8,5.8,6.75,7.1,5.0,5,K,2018,Rede Decisão,Ágata
-2,10.0,8.5,6.3,7.891,7.5,9.4,9.3,7.25,8.8,5.0,5,B,2022,Escola Pública,Ametista
-1,4.7,3.8,0.5,5.679,7.5,5.3,3.0,5.833,9.2,5.0,3,K,2018,Escola Pública,Quartzo
-2,2.3,4.7,2.0,5.424,6.3,5.8,3.0,5.625,7.1,5.0,3,L,2022,Escola Pública,Quartzo
0,6.7,7.3,6.3,7.834,5.6,8.1,7.0,8.389,9.0,10.0,2,D,2019,Escola Pública,Ametista
-1,2.5,2.8,6.3,5.811,7.5,5.3,2.7,6.611,10.0,5.0,2,M,2019,Escola Pública,Quartzo
-2,3.3,5.0,6.3,5.552,7.5,4.6,4.2,6.083,9.0,5.0,0,G,2021,Escola Pública,Quartzo
0,7.5,0.0,6.3,7.3,7.5,8.8,3.8,7.25,8.3,10.0,3,A,2022,Escola Pública,Ametista
-1,3.8,5.3,6.3,6.69,5.0,8.4,4.6,8.278,10.0,5.0,2,D,2019,Escola Pública,Ágata
-1,5.7,6.3,6.3,7.106,5.6,8.9,6.0,7.75,9.5,5.0,1,F,2020,Escola Pública,Ametista
0,2.7,5.0,0.0,5.671,7.5,4.3,2.6,4.875,9.6,10.0,3,E,2021,Escola Pública,Quartzo
-2,4.0,5.2,6.3,6.342,7.5,7.0,4.6,6.917,9.0,5.0,0,T,2022,Escola Pública,Ágata
-1,7.8,7.7,6.3,7.866,7.5,9.3,7.8,8.333,8.5,5.0,1,R,2022,Escola Pública,Ametista
-1,9.3,6.5,6.3,7.413,7.5,7.9,7.9,7.5,8.5,5.0,2,F,2018,Escola Pública,Ametista
-1,5.2,4.2,6.3,6.408,5.6,8.7,4.7,7.056,6.4,5.0,2,L,2022,Escola Pública,Ágata
0,6.7,7.7,6.3,7.656,5.6,9.1,7.2,7.417,8.0,10.0,0,J,2022,Escola Pública,Ametista
-1,8.8,9.0,6.3,8.338,7.5,9.0,8.9,9.056,10.0,5.0,1,E,2019,Escola Pública,Topázio
0,7.5,6.0,6.3,7.424,4.4,8.8,6.8,6.958,7.9,10.0,3,A,2022,Escola Pública,Ametista
-1,5.5,4.3,6.3,7.064,7.5,9.0,4.9,7.222,10.0,5.0,1,J,2022,Escola Pública,Ametista
0,5.3,6.7,6.3,7.093,6.9,6.5,6.0,7.417,9.5,10.0,0,S,2022,Escola Pública,Ametista
-2,6.5,4.7,8.3,6.776,5.6,7.3,6.5,7.208,8.3,5.0,4,L,2018,Escola Pública,Ágata
-1,4.2,2.3,2.2,5.097,5.0,7.4,2.9,4.292,6.7,5.0,3,G,2017,Escola Pública,Quartzo
-2,7.5,8.5,6.3,6.953,5.6,6.9,8.0,7.25,9.0,5.0,0,G,2019,Escola Pública,Ágata
-1,7.5,8.8,6.3,8.06,7.5,9.4,8.2,8.25,10.0,5.0,0,L,2022,Escola Pública,Topázio
-1,0.0,0.0,6.3,3.915,6.3,3.8,0.0,4.625,5.4,5.0,5,F,2022,Escola Pública,Quartzo
-2,4.5,6.0,6.3,5.894,7.5,6.3,5.3,5.0,7.9,5.0,4,A,2022,Escola Pública,Quartzo
-1,7.5,0.0,6.3,6.067,7.5,5.8,3.8,7.222,8.5,5.0,1,J,2022,Escola Pública,Ágata
-1,9.1,8.5,6.3,7.48,8.1,8.5,8.8,6.75,8.5,5.0,0,A,2021,Escola Pública,Ametista
-3,6.2,7.2,6.8,6.846,5.6,8.2,6.7,7.417,7.9,2.5,4,A,2016,Rede Decisão,Ágata
-2,5.7,3.0,2.7,5.886,6.3,6.8,3.8,5.583,8.3,5.0,4,A,2019,Escola Pública,Quartzo
-1,3.0,1.0,6.3,6.644,6.9,10.0,2.0,7.056,10.0,5.0,2,F,2022,Escola Pública,Ágata
0,8.3,8.8,8.4,8.941,8.1,9.7,8.5,9.083,8.3,10.0,5,L,2016,Rede Decisão,Topázio
0,5.7,5.3,6.3,7.426,8.1,6.6,5.5,8.167,10.0,10.0,0,H,2022,Escola Pública,Ametista
2,8.0,7.7,9.8,9.442,9.4,9.7,8.5,9.75,10.0,10.0,5,L,2019,Rede Decisão,Topázio
0,4.0,7.5,6.3,7.914,7.5,9.3,5.8,7.611,10.0,10.0,2,B,2022,Escola Pública,Ametista
-1,2.8,2.0,6.3,5.263,5.0,4.8,2.4,6.833,9.0,5.0,1,A,2019,Escola Pública,Quartzo
-2,6.7,6.3,6.3,7.507,7.5,8.7,6.5,8.5,9.5,5.0,0,O,2022,Escola Pública,Ametista
-1,7.5,9.0,6.3,7.831,7.5,9.0,8.3,8.333,9.0,5.0,0,Q,2021,Escola Pública,Ametista
0,8.0,5.0,6.3,8.025,7.5,10.0,6.5,7.5,8.5,10.0,1,D,2022,Escola Pública,Ametista
0,7.0,4.0,6.3,7.792,7.5,9.7,5.5,7.167,9.5,10.0,1,E,2022,Escola Pública,Ametista
-2,8.0,6.0,0.5,6.308,7.5,6.6,4.8,6.292,8.3,5.0,5,L,2022,Escola Pública,Ágata
0,1.1,2.7,0.7,4.832,6.9,4.0,1.5,6.389,0.0,10.0,7,A,2020,Escola Pública,Quartzo
-1,5.5,3.0,6.3,6.58,5.6,9.3,4.3,7.5,6.8,5.0,2,K,2022,Escola Pública,Ágata
-2,3.5,2.3,3.2,5.542,7.5,5.9,3.0,7.292,5.0,5.0,5,A,2021,Escola Pública,Quartzo
-1,5.8,4.0,3.2,5.486,5.6,6.5,4.3,5.958,6.3,5.0,5,A,2019,Escola Pública,Quartzo
-2,2.7,2.3,6.3,6.446,7.5,8.8,2.5,7.056,9.5,5.0,2,A,2018,Escola Pública,Ágata
-1,8.2,4.7,5.0,6.917,6.3,8.3,5.9,7.083,7.9,5.0,4,P,2018,Rede Decisão,Ágata
-1,8.1,7.8,6.3,6.602,4.4,5.8,7.9,6.917,10.0,5.0,0,K,2022,Escola Pública,Ágata
0,8.8,9.4,6.3,8.481,7.5,8.6,9.1,8.417,9.5,10.0,0,K,2022,Escola Pública,Topázio
-2,9.0,9.0,6.3,8.093,7.5,9.8,9.0,7.5,9.5,5.0,1,R,2021,Escola Pública,Topázio
-1,3.0,2.0,6.3,6.41,7.5,7.8,2.5,7.389,10.0,5.0,2,U,2020,Escola Pública,Ágata
0,6.7,3.7,8.0,7.993,7.5,9.2,6.1,8.042,7.5,10.0,3,A,2022,Escola Pública,Ametista
-1,0.0,4.0,6.3,6.086,7.5,8.1,2.0,6.833,8.5,5.0,1,P,2022,Escola Pública,Ágata
-1,3.0,4.0,6.3,6.04,6.3,7.9,3.5,6.0,9.0,5.0,0,G,2022,Escola Pública,Ágata
0,5.3,6.2,7.3,7.025,4.4,8.8,6.3,8.458,0.0,10.0,3,A,2016,Rede Decisão,Ágata
-1,9.2,5.7,6.3,7.435,7.5,8.6,7.4,7.611,8.5,5.0,1,K,2020,Escola Pública,Ametista
-1,7.8,8.0,6.3,7.771,7.5,9.7,7.9,7.917,8.5,5.0,0,D,2022,Escola Pública,Ametista
0,9.5,6.5,6.3,8.265,7.5,10.0,8.0,7.056,9.0,10.0,1,L,2022,Escola Pública,Topázio
0,6.2,2.7,5.5,6.926,5.6,7.3,4.8,6.125,10.0,10.0,3,G,2018,Escola Pública,Ágata
-1,3.8,2.7,6.3,5.661,5.0,6.2,3.3,6.0,9.5,5.0,2,K,2016,Escola Pública,Quartzo
-1,5.7,4.5,6.3,6.787,4.4,8.5,5.1,7.889,9.5,5.0,2,A,2016,Escola Pública,Ágata
-1,5.5,4.7,6.3,6.953,7.5,9.2,5.1,6.917,9.0,5.0,1,F,2019,Escola Pública,Ágata
-1,0.0,7.0,6.3,6.112,5.0,8.3,3.5,6.333,7.9,5.0,7,D,2022,Escola Pública,Ágata
0,3.5,2.8,8.7,5.951,5.6,4.5,5.0,5.278,8.8,10.0,7,A,2017,Rede Decisão,Quartzo
-2,6.7,8.3,6.3,7.563,7.5,8.6,7.5,7.833,9.0,5.0,0,L,2021,Escola Pública,Ametista
-1,5.2,4.0,1.5,5.149,5.6,6.4,3.6,6.708,0.0,5.0,3,G,2018,Escola Pública,Quartzo
-1,6.2,8.3,6.3,7.097,5.0,8.7,7.3,7.5,8.5,5.0,0,J,2022,Escola Pública,Ametista
0,5.0,6.0,6.3,7.329,6.9,9.0,5.5,5.833,9.5,10.0,2,P,2022,Escola Pública,Ametista
0,8.2,8.0,6.3,8.4,7.5,9.6,8.1,7.778,9.0,10.0,2,I,2019,Escola Pública,Topázio
0,4.7,4.3,0.2,4.966,7.5,4.6,3.1,5.583,0.0,10.0,3,E,2022,Escola Pública,Quartzo
0,5.2,6.2,6.3,7.624,5.0,9.6,5.7,7.833,9.0,10.0,2,U,2022,Escola Pública,Ametista
-1,8.2,8.2,6.3,7.988,5.6,9.6,8.2,8.778,10.0,5.0,1,K,2021,Rede Decisão,Ametista
0,5.0,2.0,6.3,7.184,7.5,8.9,3.5,7.556,8.0,10.0,2,I,2019,Escola Pública,Ametista
0,6.0,6.0,6.3,7.619,7.5,6.8,6.0,8.444,9.5,10.0,2,A,2022,Escola Pública,Ametista
0,7.5,2.0,6.3,7.039,7.5,9.7,4.8,5.889,8.0,10.0,1,C,2022,Escola Pública,Ametista
-1,2.6,3.3,6.4,5.784,5.0,5.2,4.1,7.056,8.3,5.0,7,A,2021,Escola Pública,Quartzo
0,6.5,6.7,6.7,7.958,7.5,8.6,6.6,7.625,8.3,10.0,3,G,2022,Escola Pública,Ametista
-1,4.7,7.2,8.2,7.677,8.1,8.2,6.7,8.556,8.3,5.0,6,A,2021,Escola Pública,Ametista
-1,7.0,10.0,6.3,7.836,7.5,9.6,8.5,7.778,8.0,5.0,2,D,2022,Escola Pública,Ametista
-2,7.5,5.0,6.0,5.604,7.5,4.6,6.2,4.917,7.1,5.0,3,D,2019,Escola Pública,Quartzo
-2,8.0,6.2,6.3,7.456,7.5,9.4,7.1,7.333,8.5,5.0,1,J,2019,Escola Pública,Ametista
-2,5.2,7.3,6.3,6.896,5.6,8.4,6.3,7.417,9.5,5.0,0,J,2022,Escola Pública,Ágata
0,8.3,9.1,6.3,8.491,7.5,8.8,8.7,8.417,10.0,10.0,0,Y,2022,Escola Pública,Topázio
-1,7.8,3.3,6.3,6.77,5.0,7.9,5.6,7.917,9.0,5.0,1,G,2021,Escola Pública,Ágata
-1,6.5,5.0,6.3,6.854,7.5,7.7,5.8,7.5,8.0,5.0,2,B,2022,Escola Pública,Ágata
-1,3.7,5.0,6.3,6.902,7.5,9.3,4.3,7.417,8.5,5.0,0,L,2022,Escola Pública,Ágata
0,8.5,5.3,8.5,6.943,4.4,6.7,7.4,5.708,7.9,10.0,3,B,2019,Escola Pública,Ágata
-1,6.5,4.3,4.5,6.331,5.0,6.4,5.1,7.208,8.8,5.0,3,F,2021,Escola Pública,Ágata
0,6.7,7.0,9.5,8.921,8.1,9.6,7.7,9.583,8.3,10.0,5,L,2018,Rede Decisão,Topázio
-1,9.2,3.1,6.3,6.434,6.3,6.0,6.1,6.889,9.0,5.0,2,Q,2019,Escola Pública,Ágata
-1,4.0,3.3,6.3,6.589,7.5,8.8,3.7,6.944,8.5,5.0,1,J,2019,Escola Pública,Ágata
-1,8.0,5.0,6.3,7.05,4.4,9.8,6.5,7.167,8.5,5.0,1,F,2022,Escola Pública,Ametista
-3,3.2,4.0,1.2,5.063,7.5,4.1,2.8,5.75,9.2,2.5,3,L,2020,Escola Pública,Quartzo
-2,5.7,3.3,4.5,6.615,7.5,7.7,4.5,6.875,7.9,5.0,3,A,2021,Escola Pública,Ágata
-2,8.0,8.8,6.3,7.675,7.5,9.3,8.4,8.083,7.0,5.0,0,E,2021,Escola Pública,Ametista
-1,7.5,6.3,6.3,7.367,5.0,8.9,6.9,7.889,9.5,5.0,2,P,2018,Escola Pública,Ametista
-1,6.2,3.7,2.1,6.073,6.3,6.1,4.0,6.833,8.3,5.0,4,L,2017,Escola Pública,Ágata
0,8.3,9.3,8.4,9.105,8.1,9.1,8.7,9.292,10.0,10.0,5,F,2017,Rede Decisão,Topázio
-2,6.0,6.0,6.3,6.894,7.5,7.6,6.0,7.333,9.5,5.0,0,O,2022,Escola Pública,Ágata
-2,7.7,6.5,6.3,7.131,7.5,7.4,7.1,7.333,9.0,5.0,1,E,2021,Escola Pública,Ametista
0,5.8,5.7,6.4,7.741,5.6,9.2,6.0,7.417,8.8,10.0,3,K,2018,Rede Decisão,Ametista
-1,2.6,4.7,0.3,5.718,7.5,6.1,2.5,6.167,8.3,5.0,5,C,2018,Escola Pública,Quartzo
-2,8.7,5.7,6.3,7.292,6.9,9.1,7.2,7.583,8.0,5.0,1,G,2019,Escola Pública,Ametista
-1,7.2,6.3,8.0,7.629,5.0,9.7,7.2,7.333,10.0,5.0,3,A,2018,Rede Decisão,Ametista
-1,6.8,5.0,3.5,6.361,7.5,5.7,5.1,6.417,9.2,5.0,3,K,2021,Escola Pública,Ágata
-1,8.3,7.8,6.3,7.41,4.4,8.1,8.1,8.333,10.0,5.0,0,G,2021,Escola Pública,Ametista
-1,8.2,6.8,6.3,7.665,6.9,9.3,7.5,8.417,8.5,5.0,1,F,2022,Escola Pública,Ametista
-1,7.7,6.8,8.8,8.084,7.5,9.0,7.8,8.417,10.0,5.0,3,F,2022,Escola Pública,Topázio
-1,5.7,7.5,4.7,7.323,7.5,7.8,5.9,8.0,9.6,5.0,5,K,2021,Escola Pública,Ametista
-1,6.8,7.5,6.3,7.347,8.8,7.9,7.2,7.5,9.0,5.0,0,I,2022,Escola Pública,Ametista
0,4.7,3.7,3.5,5.597,6.3,5.3,3.9,6.958,0.0,10.0,4,B,2021,Escola Pública,Quartzo
-1,5.0,4.0,4.2,6.289,7.5,5.8,4.4,7.417,7.1,5.0,4,B,2018,Escola Pública,Ágata
-1,7.6,7.1,6.3,7.282,7.5,8.4,7.3,7.583,8.0,5.0,0,F,2022,Escola Pública,Ametista
-4,2.3,1.0,1.8,4.929,6.3,3.9,1.7,6.042,10.0,2.5,3,L,2022,Escola Pública,Quartzo
-2,4.7,2.0,4.5,4.572,7.5,3.7,3.7,5.958,0.0,5.0,3,F,2021,Escola Pública,Quartzo
-1,3.5,2.7,6.0,5.783,5.6,4.1,4.0,7.278,8.3,5.0,7,A,2016,Escola Pública,Quartzo
0,1.8,2.5,6.3,5.666,5.0,6.8,2.1,5.5,9.0,10.0,0,Z,2022,Escola Pública,Quartzo
0,6.5,4.8,6.3,7.403,7.5,8.1,5.7,6.778,9.0,10.0,2,M,2022,Escola Pública,Ametista
-2,4.9,2.7,6.3,5.246,7.5,5.8,3.8,6.167,8.5,5.0,0,K,2022,Escola Pública,Quartzo
-1,6.5,4.7,6.3,6.556,6.3,8.0,5.6,6.556,9.0,5.0,2,J,2022,Escola Pública,Ágata
-2,3.2,8.5,6.3,6.582,7.5,6.3,5.8,7.556,8.0,5.0,1,C,2022,Escola Pública,Ágata
0,7.7,7.7,8.3,8.283,7.5,8.7,7.9,8.125,7.5,10.0,4,B,2022,Escola Pública,Topázio
0,8.3,9.7,9.3,8.815,6.3,9.9,9.1,8.208,9.2,10.0,3,K,2019,Rede Decisão,Topázio
-1,7.0,5.0,6.3,7.475,7.5,9.7,6.0,7.833,9.0,5.0,1,U,2022,Escola Pública,Ametista
-1,6.7,4.7,7.0,6.685,6.9,6.3,6.1,7.417,7.9,5.0,4,B,2022,Escola Pública,Ágata
0,6.7,7.0,7.2,8.62,7.5,9.4,6.9,8.5,10.0,10.0,3,E,2022,Escola Pública,Topázio
-1,9.7,8.0,6.3,8.018,7.5,9.0,8.8,8.333,9.0,5.0,1,L,2021,Escola Pública,Ametista
-1,6.5,5.0,6.3,6.376,7.5,8.7,5.8,5.25,6.9,5.0,1,U,2022,Escola Pública,Ágata
-1,9.5,9.7,6.3,8.417,7.5,9.7,9.6,9.333,7.5,5.0,1,A,2019,Rede Decisão,Topázio
-2,6.0,5.0,2.7,6.665,7.5,6.9,4.6,6.667,9.6,5.0,3,K,2018,Escola Pública,Ágata
0,4.3,6.3,5.0,7.448,7.5,7.7,5.2,7.5,9.2,10.0,3,N,2022,Escola Pública,Ametista
0,9.2,9.3,6.3,8.622,5.6,10.0,9.3,8.278,9.5,10.0,1,K,2021,Rede Decisão,Topázio
-2,4.8,3.0,7.8,5.846,8.1,6.3,5.2,7.25,0.0,5.0,4,H,2017,Escola Pública,Quartzo
0,8.2,8.8,6.3,8.616,7.5,9.6,8.5,8.5,10.0,10.0,0,Z,2022,Escola Pública,Topázio
-1,7.7,5.3,6.3,7.221,6.3,9.8,6.5,7.417,8.0,5.0,1,F,2019,Escola Pública,Ametista
0,6.5,8.0,6.3,7.741,7.5,7.9,7.3,7.333,10.0,10.0,0,S,2022,Escola Pública,Ametista
-2,7.2,9.3,6.3,7.524,7.5,9.0,8.3,7.389,7.5,5.0,1,N,2022,Escola Pública,Ametista
-1,9.2,5.2,6.3,7.066,5.0,8.2,7.2,7.611,8.5,5.0,2,F,2018,Rede Decisão,Ametista
0,9.5,8.7,8.5,8.231,6.3,8.6,8.9,7.25,9.2,10.0,3,K,2022,Escola Pública,Topázio
-2,8.0,6.2,6.3,7.276,6.9,9.3,7.1,7.556,6.9,5.0,1,L,2021,Escola Pública,Ametista
0,5.5,6.7,2.8,6.93,6.9,7.4,5.0,6.167,7.9,10.0,3,M,2019,Escola Pública,Ágata
-1,5.0,10.0,6.3,7.94,7.5,10.0,7.5,8.222,9.0,5.0,2,L,2022,Escola Pública,Ametista
-3,6.2,5.0,4.3,5.652,5.0,5.6,5.2,6.222,7.9,2.5,3,N,2022,Escola Pública,Quartzo
-1,7.5,7.3,6.3,7.653,7.5,10.0,7.4,7.222,8.5,5.0,1,C,2021,Escola Pública,Ametista
-2,2.2,2.5,1.5,5.677,7.5,6.3,2.1,7.042,7.9,5.0,5,A,2022,Escola Pública,Quartzo
0,6.0,7.0,6.3,8.206,7.5,8.8,6.5,8.611,10.0,10.0,2,D,2022,Escola Pública,Topázio
0,7.2,8.3,6.3,7.304,6.9,5.5,7.8,7.389,8.5,10.0,2,F,2021,Escola Pública,Ametista
-1,7.0,7.2,6.3,7.634,7.5,9.2,7.1,8.083,9.5,5.0,1,H,2021,Escola Pública,Ametista
-2,5.5,1.3,3.5,4.786,5.6,5.8,3.4,5.625,0.0,5.0,3,G,2021,Escola Pública,Quartzo
0,6.0,4.0,5.3,8.124,7.5,9.1,5.1,8.625,9.2,10.0,3,B,2018,Rede Decisão,Topázio
0,7.2,8.9,6.3,8.136,7.5,8.5,8.1,7.75,9.5,10.0,0,Z,2022,Escola Pública,Topázio
0,7.0,8.2,6.3,7.973,7.5,8.1,7.6,7.917,9.5,10.0,0,G,2021,Escola Pública,Ametista
-3,5.8,3.0,6.2,5.547,5.0,7.7,5.0,6.125,4.6,2.5,4,A,2019,Escola Pública,Quartzo
-3,6.2,5.0,3.5,5.537,7.5,6.0,4.9,6.167,6.7,2.5,5,B,2021,Escola Pública,Quartzo
-1,7.8,3.2,6.3,6.613,7.5,7.4,5.5,6.611,8.5,5.0,1,P,2021,Escola Pública,Ágata
-1,8.8,8.0,6.3,7.857,7.5,8.9,8.4,8.056,9.0,5.0,1,B,2022,Escola Pública,Ametista
-1,6.5,7.2,9.2,7.305,7.5,8.3,7.6,6.833,7.9,5.0,4,A,2021,Escola Pública,Ametista
0,4.7,1.5,6.3,6.665,5.0,7.2,3.1,7.778,9.0,10.0,2,P,2018,Escola Pública,Ágata
0,8.5,3.0,6.3,7.744,7.5,9.4,5.8,7.056,9.5,10.0,1,K,2022,Escola Pública,Ametista
-1,6.8,9.3,6.3,6.922,5.0,6.8,8.1,7.083,10.0,5.0,0,M,2022,Escola Pública,Ágata
-1,8.2,6.8,6.3,7.448,7.5,7.7,7.5,8.222,9.5,5.0,1,M,2020,Escola Pública,Ametista
-1,8.8,6.3,6.3,7.525,7.5,9.6,7.6,7.167,8.0,5.0,1,J,2020,Escola Pública,Ametista
0,8.3,7.7,8.3,8.442,6.3,8.3,8.1,8.625,9.2,10.0,3,A,2018,Rede Decisão,Topázio
-1,6.7,2.8,6.3,6.058,7.5,6.6,4.8,5.208,7.9,5.0,3,M,2019,Escola Pública,Ágata
-1,5.0,6.0,6.3,6.625,5.0,8.8,5.5,7.167,9.5,5.0,1,G,2022,Escola Pública,Ágata
0,8.0,4.5,9.0,8.136,6.3,9.2,7.2,8.125,9.6,10.0,5,B,2017,Rede Decisão,Topázio
-1,6.2,5.8,6.3,7.234,7.5,8.6,6.0,7.5,10.0,5.0,0,U,2022,Escola Pública,Ametista
-2,6.7,5.3,8.6,6.962,6.9,6.3,6.9,7.333,9.6,5.0,4,H,2020,Escola Pública,Ágata
-1,7.2,5.0,9.2,7.619,7.5,8.5,7.1,7.75,8.8,5.0,4,B,2022,Escola Pública,Ametista
-2,6.5,6.5,6.3,7.204,6.9,8.5,6.5,8.0,8.5,5.0,0,B,2022,Escola Pública,Ametista
-2,7.5,7.7,6.3,7.412,7.5,7.0,7.6,8.667,9.5,5.0,0,U,2022,Escola Pública,Ametista
0,5.7,6.0,8.0,7.832,7.5,8.5,6.6,7.5,8.3,10.0,3,A,2019,Escola Pública,Ametista
-1,9.7,8.3,6.3,7.862,7.5,9.3,9.0,7.111,9.5,5.0,1,J,2022,Escola Pública,Ametista
-2,4.5,4.5,6.0,6.488,7.5,7.6,5.0,6.5,8.8,5.0,5,B,2022,Escola Pública,Ágata
-2,7.7,5.5,6.3,6.941,7.5,6.7,6.6,7.5,9.0,5.0,2,B,2021,Escola Pública,Ágata
0,0.0,7.0,6.3,5.607,7.5,7.0,3.5,5.556,0.0,10.0,2,P,2022,Escola Pública,Quartzo
0,8.8,8.1,6.3,7.641,7.5,7.3,8.5,7.167,10.0,10.0,0,Y,2022,Escola Pública,Ametista
-1,8.5,5.0,6.3,7.035,7.5,6.8,6.8,7.278,10.0,5.0,1,D,2022,Escola Pública,Ametista
0,5.7,4.3,4.0,6.859,5.0,8.1,4.7,6.778,7.1,10.0,3,N,2022,Escola Pública,Ágata
-1,6.2,2.8,6.3,5.858,7.5,4.3,4.5,7.333,8.5,5.0,2,D,2018,Escola Pública,Quartzo
-2,6.5,8.2,6.3,7.217,7.5,8.5,7.3,7.5,9.0,5.0,0,Q,2021,Escola Pública,Ametista
1,7.7,9.7,6.4,8.638,5.6,9.9,7.9,9.5,8.3,10.0,4,F,2019,Rede Decisão,Topázio
-1,6.8,5.7,6.3,6.535,5.0,8.5,6.3,8.056,3.5,5.0,2,U,2020,Escola Pública,Ágata
0,9.0,7.8,6.3,8.112,6.9,8.0,8.4,7.667,9.5,10.0,2,F,2022,Escola Pública,Topázio
-2,7.2,8.5,6.3,7.676,7.5,9.6,7.8,7.917,8.0,5.0,0,Q,2022,Escola Pública,Ametista
0,6.8,6.0,6.0,7.457,5.6,8.6,6.3,7.583,6.7,10.0,4,F,2021,Escola Pública,Ametista
-2,2.2,1.2,6.3,6.042,5.0,8.5,1.7,7.444,9.0,5.0,2,K,2018,Escola Pública,Ágata
-1,5.2,6.3,6.3,6.407,5.0,8.3,5.8,6.944,6.4,5.0,1,B,2022,Escola Pública,Ágata
-2,5.5,6.0,6.3,7.087,5.6,9.2,5.8,6.625,10.0,5.0,3,I,2022,Escola Pública,Ametista
0,6.2,5.7,3.7,7.792,5.6,9.1,5.2,8.278,9.2,10.0,3,N,2022,Escola Pública,Ametista
-1,6.5,9.0,6.3,7.535,6.3,10.0,7.8,7.167,7.1,5.0,7,D,2022,Escola Pública,Ametista
-3,7.5,9.0,7.1,7.816,6.9,9.2,7.9,9.25,8.3,2.5,4,P,2019,Rede Decisão,Ametista
-1,9.6,9.7,6.3,8.453,7.5,9.6,9.7,9.0,10.0,5.0,0,Z,2022,Escola Pública,Topázio
-1,5.0,4.7,2.5,5.8,5.0,7.0,4.1,5.889,7.5,5.0,3,N,2022,Escola Pública,Quartzo
-1,5.2,5.0,6.3,7.117,7.5,8.1,5.1,8.056,10.0,5.0,2,J,2022,Escola Pública,Ametista
-2,4.0,5.5,6.3,6.848,6.3,8.4,4.8,7.667,10.0,5.0,0,Q,2022,Escola Pública,Ágata
-1,5.5,3.5,5.2,6.902,7.5,7.4,4.7,8.056,7.9,5.0,7,A,2016,Escola Pública,Ágata
-1,5.5,1.0,6.3,6.725,7.5,9.7,3.3,7.333,8.0,5.0,2,K,2022,Escola Pública,Ágata
0,9.5,6.0,6.3,8.15,7.5,9.7,7.8,7.5,7.9,10.0,2,K,2022,Escola Pública,Topázio
-1,5.8,4.7,5.0,6.427,7.5,6.8,5.2,5.958,8.3,5.0,3,M,2021,Escola Pública,Ágata
-1,3.5,5.5,6.3,5.379,7.5,5.0,4.5,6.056,5.8,5.0,2,D,2018,Escola Pública,Quartzo
-1,4.4,9.5,10.0,8.677,10.0,8.8,8.0,10.0,9.6,5.0,6,A,2022,Escola Pública,Topázio
-1,6.8,4.8,6.3,7.039,7.5,9.0,5.8,7.0,8.5,5.0,1,P,2021,Escola Pública,Ametista
0,6.7,3.7,4.3,7.007,5.6,9.2,4.9,5.792,8.3,10.0,4,P,2018,Rede Decisão,Ágata
-2,7.2,7.0,6.3,7.646,7.5,10.0,7.1,7.583,9.0,5.0,0,L,2021,Escola Pública,Ametista
0,5.1,7.7,7.8,6.033,6.9,4.8,6.9,6.111,0.0,10.0,6,A,2017,Rede Decisão,Ágata
0,6.8,5.1,8.7,8.427,5.6,9.1,6.9,9.083,9.6,10.0,3,A,2018,Rede Decisão,Topázio
0,6.7,8.0,8.0,8.639,7.5,9.4,7.6,9.167,8.3,10.0,3,F,2022,Escola Pública,Topázio
-2,5.8,5.0,6.3,6.832,7.5,7.3,5.4,7.917,9.0,5.0,0,G,2021,Escola Pública,Ágata
-1,4.7,4.5,6.3,6.714,7.5,8.5,4.6,7.333,8.0,5.0,1,J,2019,Escola Pública,Ágata
-2,6.6,7.7,6.3,6.741,5.0,8.6,7.2,6.583,9.0,5.0,0,F,2022,Escola Pública,Ágata
0,5.8,6.0,6.3,6.82,5.6,7.3,5.9,7.083,6.4,10.0,0,J,2022,Escola Pública,Ágata
-2,6.8,4.3,4.3,7.051,7.5,8.3,5.2,6.833,10.0,5.0,4,L,2022,Escola Pública,Ametista
-3,6.7,6.0,6.3,4.097,6.3,5.6,0.0,6.833,0.0,2.5,3,L,2022,Escola Pública,Quartzo
-1,9.2,9.0,6.3,6.947,5.0,9.4,9.1,8.056,0.0,5.0,1,D,2019,Escola Pública,Ágata
-1,9.0,9.0,6.3,7.226,6.3,8.7,9.0,6.875,6.3,5.0,7,D,2022,Escola Pública,Ametista
-1,6.8,6.7,3.2,5.563,7.5,6.2,5.6,6.167,0.0,5.0,4,B,2019,Escola Pública,Quartzo
0,2.5,7.3,0.5,6.86,7.5,7.3,3.4,6.611,9.2,10.0,3,N,2022,Escola Pública,Ágata
0,6.7,5.3,3.5,7.192,5.0,8.5,5.2,6.708,8.8,10.0,3,G,2019,Escola Pública,Ametista
0,6.3,5.0,6.3,7.944,8.1,9.8,5.7,7.667,9.5,10.0,0,D,2022,Escola Pública,Ametista
-1,6.5,7.3,6.3,7.139,7.5,7.1,6.9,7.833,9.5,5.0,0,U,2022,Escola Pública,Ametista
0,7.2,8.0,6.3,8.74,8.8,9.4,7.2,8.5,10.0,10.0,3,A,2019,Rede Decisão,Topázio
-2,7.2,5.0,5.5,6.854,6.3,8.1,5.9,7.792,5.8,5.0,4,B,2019,Escola Pública,Ágata
-1,7.0,2.5,6.3,6.641,4.4,9.0,4.8,7.167,9.5,5.0,1,F,2022,Escola Pública,Ágata
0,7.3,6.8,6.2,8.623,8.8,9.5,6.8,8.458,9.2,10.0,3,A,2019,Rede Decisão,Topázio
-3,5.0,4.3,5.0,6.334,6.9,7.7,4.8,6.208,9.2,2.5,3,M,2022,Escola Pública,Ágata
0,8.0,5.8,6.3,8.363,7.5,9.0,6.9,9.083,9.5,10.0,1,U,2021,Escola Pública,Topázio
-1,8.8,9.2,6.3,7.693,7.5,8.0,9.0,7.333,9.5,5.0,1,M,2021,Escola Pública,Ametista
0,8.0,6.5,6.3,8.064,7.5,9.2,7.3,7.278,9.5,10.0,1,N,2022,Escola Pública,Topázio
-1,2.7,4.7,6.3,6.35,7.5,7.2,3.7,6.944,9.5,5.0,1,L,2022,Escola Pública,Ágata
-1,6.7,6.5,6.3,7.441,7.5,9.0,6.6,8.167,8.5,5.0,0,E,2021,Escola Pública,Ametista
-1,9.0,6.0,6.3,7.661,7.5,9.4,7.5,7.5,9.0,5.0,1,D,2022,Escola Pública,Ametista
0,4.0,7.7,6.3,7.412,7.5,7.2,5.9,7.917,9.0,10.0,0,Y,2022,Escola Pública,Ametista
-2,2.8,2.8,0.7,6.048,6.3,8.4,2.1,7.083,8.8,5.0,5,A,2022,Escola Pública,Ágata
-1,8.5,8.0,6.3,7.786,7.5,8.9,8.3,7.75,10.0,5.0,0,N,2021,Escola Pública,Ametista
-3,6.7,5.0,8.1,7.302,5.6,9.8,6.6,8.125,7.9,2.5,4,L,2017,Rede Decisão,Ametista
-1,6.8,7.0,6.3,7.569,8.1,8.9,6.9,7.917,9.5,5.0,0,D,2021,Escola Pública,Ametista
0,7.7,6.0,8.1,8.673,9.4,8.9,7.3,8.917,9.2,10.0,4,P,2018,Rede Decisão,Topázio
-1,6.5,9.0,6.3,8.068,7.5,10.0,7.8,8.292,8.8,5.0,7,D,2022,Escola Pública,Topázio
-1,7.0,5.3,6.3,7.365,7.5,9.3,6.2,7.722,9.0,5.0,1,C,2022,Escola Pública,Ametista
-2,4.2,1.5,6.2,6.304,7.5,7.4,3.9,7.042,7.5,5.0,5,A,2022,Escola Pública,Ágata
-1,8.8,9.2,6.3,8.136,7.5,9.0,9.0,9.083,9.0,5.0,0,U,2022,Escola Pública,Topázio
-2,8.8,8.5,6.3,8.185,7.5,9.5,8.7,8.333,10.0,5.0,0,L,2020,Escola Pública,Topázio
0,9.8,10.0,6.3,8.903,7.5,9.7,9.9,8.056,10.0,10.0,1,C,2019,Rede Decisão,Topázio
-1,9.8,8.3,6.3,8.2,7.5,9.2,9.1,8.556,9.5,5.0,1,L,2022,Escola Pública,Topázio
0,4.7,5.7,6.3,7.21,7.5,8.0,5.2,6.889,9.0,10.0,1,A,2021,Escola Pública,Ametista
0,4.5,7.0,0.0,5.939,5.6,5.1,3.8,5.958,6.7,10.0,3,L,2022,Escola Pública,Quartzo
-1,8.3,6.7,6.3,7.78,7.5,9.5,7.5,8.0,9.0,5.0,1,L,2022,Escola Pública,Ametista
-1,6.5,7.0,6.3,6.549,7.5,6.1,6.8,6.208,7.5,5.0,3,E,2022,Escola Pública,Ágata
-1,6.3,7.7,10.0,7.124,8.1,7.6,8.0,9.111,0.0,5.0,6,A,2016,Rede Decisão,Ametista
0,6.8,7.7,6.3,8.358,7.5,9.4,7.3,8.583,10.0,10.0,0,B,2021,Escola Pública,Topázio
0,8.0,6.5,6.3,7.764,7.5,8.7,7.3,6.889,8.0,10.0,2,M,2022,Escola Pública,Ametista
0,9.5,6.0,6.3,8.063,5.0,10.0,7.8,7.833,8.0,10.0,2,F,2022,Escola Pública,Topázio
-1,4.3,3.7,9.0,6.328,7.5,5.1,5.7,6.75,7.9,5.0,3,E,2022,Escola Pública,Ágata
-1,7.0,9.0,9.7,8.523,7.5,8.9,8.6,9.833,9.2,5.0,6,A,2017,Rede Decisão,Topázio
0,7.5,8.2,6.3,8.003,7.5,8.6,7.8,7.5,9.0,10.0,0,U,2022,Escola Pública,Ametista
0,7.5,3.3,6.3,7.831,7.5,9.5,5.4,7.667,9.0,10.0,2,F,2019,Escola Pública,Ametista
-1,7.3,5.3,6.3,7.378,7.5,9.7,6.3,7.5,8.0,5.0,2,U,2019,Escola Pública,Ametista
-1,7.0,7.3,6.3,7.41,7.5,9.2,7.2,7.167,9.5,5.0,0,U,2022,Escola Pública,Ametista
-1,4.2,6.0,6.3,6.684,5.6,8.5,5.1,6.917,9.5,5.0,0,J,2022,Escola Pública,Ágata
-1,7.2,5.5,6.3,6.996,6.9,9.3,6.3,6.722,8.5,5.0,1,P,2022,Escola Pública,Ágata
0,6.3,6.8,5.8,8.017,5.0,9.2,6.3,8.25,8.8,10.0,3,B,2017,Rede Decisão,Ametista
-2,6.7,7.8,6.3,7.485,5.6,9.0,7.3,8.583,9.0,5.0,0,J,2021,Escola Pública,Ametista
0,6.3,6.0,6.3,7.742,5.6,9.7,6.2,7.5,9.5,10.0,0,J,2022,Escola Pública,Ametista
0,8.2,7.8,6.3,8.072,7.5,8.9,8.0,7.556,8.5,10.0,1,B,2021,Escola Pública,Topázio
-1,7.5,8.2,6.3,7.791,7.5,9.5,7.8,7.583,10.0,5.0,0,U,2022,Escola Pública,Ametista
0,9.2,9.2,6.3,8.093,6.3,8.9,9.2,7.417,8.0,10.0,0,G,2022,Escola Pública,Topázio
-1,8.8,8.8,6.3,8.179,7.5,9.2,8.8,8.833,10.0,5.0,0,U,2022,Escola Pública,Topázio
-1,6.3,6.5,7.4,6.797,5.6,7.9,6.7,6.5,8.8,5.0,4,L,2021,Escola Pública,Ágata
-2,9.0,10.0,6.3,7.756,7.5,7.6,9.5,7.556,9.5,5.0,1,M,2021,Escola Pública,Ametista
0,7.7,3.3,8.8,7.535,5.0,8.2,6.6,7.708,7.9,10.0,4,L,2018,Rede Decisão,Ametista
-1,9.5,6.0,6.3,7.392,7.5,9.4,7.8,6.889,8.0,5.0,1,K,2022,Escola Pública,Ametista
0,9.0,5.0,6.3,8.11,7.5,10.0,7.0,7.278,9.0,10.0,1,N,2022,Escola Pública,Topázio
-1,7.5,5.0,6.3,6.652,5.6,7.5,6.3,7.5,7.4,5.0,1,R,2020,Escola Pública,Ágata
-1,7.5,9.0,9.1,7.836,6.3,7.8,8.5,8.833,7.9,5.0,4,A,2016,Rede Decisão,Ametista
0,4.3,4.7,1.0,6.471,7.5,6.4,3.3,5.833,9.2,10.0,3,E,2022,Escola Pública,Ágata
0,5.0,2.8,6.3,7.011,7.5,8.4,3.9,6.833,8.5,10.0,1,L,2021,Escola Pública,Ágata
-4,5.8,4.8,0.3,6.315,7.5,8.7,3.7,6.708,7.9,2.5,4,A,2022,Escola Pública,Ágata
-1,4.0,1.0,6.3,6.746,7.5,10.0,2.5,7.5,8.5,5.0,2,L,2022,Escola Pública,Ágata
0,7.7,1.3,6.3,7.461,5.6,9.0,4.5,8.0,9.5,10.0,2,L,2019,Rede Decisão,Ametista
-1,6.5,1.0,6.3,6.632,7.5,9.3,3.8,6.167,9.5,5.0,1,K,2022,Escola Pública,Ágata
-1,5.2,3.7,9.7,6.825,7.5,5.9,6.2,7.667,8.3,5.0,4,B,2019,Escola Pública,Ágata
-1,6.5,3.0,6.3,6.058,7.5,6.9,4.8,6.125,7.9,5.0,5,B,2022,Escola Pública,Ágata
-2,7.0,4.0,8.5,6.712,7.5,7.0,6.5,6.292,8.3,5.0,4,L,2022,Escola Pública,Ágata
-1,6.5,4.0,6.3,6.658,7.5,7.3,5.3,6.944,9.0,5.0,2,K,2020,Escola Pública,Ágata
0,6.6,8.3,6.3,7.497,5.6,8.1,7.4,7.333,9.0,10.0,0,R,2022,Escola Pública,Ametista
-1,7.5,5.0,5.8,6.667,7.5,7.1,6.1,6.417,7.5,5.0,3,C,2018,Escola Pública,Ágata
0,5.9,9.6,6.3,7.875,7.5,8.2,7.8,7.5,9.0,10.0,0,V,2022,Escola Pública,Ametista
0,9.1,9.1,6.3,7.952,7.5,8.3,9.1,8.25,7.5,10.0,0,Y,2022,Escola Pública,Ametista
-1,6.0,5.5,8.7,8.109,7.5,9.5,6.7,9.5,8.8,5.0,7,A,2019,Escola Pública,Topázio
-1,6.7,7.5,6.3,6.658,7.5,9.2,7.1,6.0,5.2,5.0,0,E,2022,Escola Pública,Ágata
-1,5.3,2.3,10.0,4.95,5.0,5.4,5.9,5.222,0.0,5.0,6,A,2019,Rede Decisão,Quartzo
-1,9.5,8.0,6.3,7.845,7.5,8.7,8.8,7.778,9.0,5.0,2,Q,2022,Escola Pública,Ametista
-1,6.8,5.0,4.0,6.715,5.6,7.4,5.3,6.917,10.0,5.0,3,G,2019,Escola Pública,Ágata
-2,5.5,3.0,6.3,6.355,7.5,7.7,4.3,5.542,8.8,5.0,3,M,2020,Escola Pública,Ágata
-2,6.4,7.1,6.3,6.344,4.4,8.9,6.8,5.167,9.5,5.0,0,K,2019,Escola Pública,Ágata
0,9.0,4.5,6.3,7.48,7.5,8.0,6.8,6.833,8.5,10.0,1,J,2022,Escola Pública,Ametista
-1,8.0,4.5,6.3,7.107,7.5,8.9,6.3,6.778,8.5,5.0,1,M,2021,Escola Pública,Ametista
-1,0.0,2.5,6.3,5.818,7.5,7.6,1.3,7.278,7.4,5.0,1,N,2021,Escola Pública,Quartzo
-2,2.8,3.0,5.4,5.319,7.5,5.6,3.7,4.417,5.8,5.0,3,G,2019,Escola Pública,Quartzo
0,4.8,5.5,6.3,6.409,5.6,6.3,5.2,5.417,9.2,10.0,3,M,2019,Escola Pública,Ágata
0,7.5,4.8,6.3,7.695,7.5,8.3,6.2,8.056,8.0,10.0,2,L,2019,Escola Pública,Ametista
-2,8.0,7.3,9.5,7.563,6.9,7.5,8.3,7.958,8.8,5.0,4,H,2020,Escola Pública,Ametista
-2,0.0,8.0,6.3,6.011,7.5,5.0,4.0,8.083,7.9,5.0,0,C,2022,Escola Pública,Ágata
-2,6.7,6.3,6.3,7.402,7.5,9.7,6.5,7.167,9.5,5.0,0,L,2021,Escola Pública,Ametista
-2,8.2,5.0,6.3,6.853,6.9,7.3,6.6,7.333,8.5,5.0,1,G,2018,Escola Pública,Ágata
0,0.0,0.0,6.3,5.853,7.5,7.2,0.0,6.5,9.0,10.0,1,A,2022,Escola Pública,Quartzo
0,6.3,4.7,5.0,7.894,10.0,7.9,5.3,7.708,9.2,10.0,4,H,2022,Escola Pública,Ametista
0,4.8,5.8,7.7,7.541,7.5,7.7,6.1,7.25,8.3,10.0,4,H,2022,Escola Pública,Ametista
-1,6.8,6.2,6.3,6.621,7.5,6.7,6.5,7.0,7.0,5.0,1,N,2022,Escola Pública,Ágata
0,5.8,6.3,6.3,6.818,7.5,5.4,6.1,7.5,8.0,10.0,0,Q,2022,Escola Pública,Ágata
0,9.5,9.7,6.3,7.887,5.0,9.1,9.6,7.25,8.5,10.0,0,R,2021,Escola Pública,Ametista
-1,5.2,2.2,6.3,5.658,7.5,7.7,3.7,3.944,9.5,5.0,2,B,2021,Escola Pública,Quartzo
-1,7.0,2.7,6.3,6.745,7.5,8.0,4.8,7.722,7.5,5.0,2,U,2022,Escola Pública,Ágata
-1,9.3,8.7,6.3,8.22,5.0,9.7,9.0,8.944,10.0,5.0,2,A,2022,Escola Pública,Topázio
0,7.2,5.3,4.8,7.928,7.5,8.9,5.8,7.917,8.8,10.0,3,A,2019,Rede Decisão,Ametista
0,7.0,5.7,7.5,7.388,5.0,7.8,6.7,7.167,7.9,10.0,4,B,2016,Rede Decisão,Ametista
-2,6.5,8.0,6.3,6.952,5.6,7.2,7.3,7.417,9.5,5.0,0,J,2022,Escola Pública,Ágata
-1,5.5,6.5,6.3,6.794,7.5,7.6,6.0,7.056,8.5,5.0,1,L,2019,Escola Pública,Ágata
0,7.2,7.5,9.0,8.181,5.0,9.3,7.9,8.292,7.5,10.0,4,F,2017,Rede Decisão,Topázio
-2,1.7,4.0,6.3,5.989,7.5,6.0,2.8,7.167,10.0,5.0,0,T,2021,Escola Pública,Quartzo
0,5.8,5.2,2.8,5.554,5.0,6.2,4.6,5.958,0.0,10.0,3,B,2017,Escola Pública,Quartzo
0,7.0,6.0,6.3,8.18,7.5,9.6,6.5,8.5,9.0,10.0,1,L,2022,Escola Pública,Topázio
0,7.0,5.7,8.7,8.046,7.5,9.2,7.1,7.333,7.5,10.0,3,K,2021,Rede Decisão,Ametista
-5,6.7,6.0,6.3,5.031,7.5,5.8,0.0,5.917,9.6,2.5,3,L,2022,Escola Pública,Quartzo
-1,5.0,3.7,6.3,6.645,7.5,9.6,4.3,6.722,6.9,5.0,2,K,2021,Escola Pública,Ágata
-2,6.3,7.3,5.9,7.084,5.6,8.6,6.5,7.292,7.9,5.0,4,B,2017,Rede Decisão,Ametista
-3,7.3,5.0,9.3,7.28,7.5,7.7,7.2,8.0,8.8,2.5,3,A,2019,Escola Pública,Ametista
-1,3.5,2.3,2.5,5.669,7.5,4.3,2.8,6.875,8.8,5.0,3,B,2021,Escola Pública,Quartzo
-1,1.3,3.2,6.3,5.519,7.5,4.9,2.3,6.5,9.0,5.0,2,M,2022,Escola Pública,Quartzo
0,5.7,5.3,6.3,7.72,7.5,8.2,5.8,7.875,8.3,10.0,3,F,2021,Escola Pública,Ametista
-1,7.7,6.7,6.3,7.913,8.8,9.3,7.2,8.222,9.5,5.0,2,L,2018,Rede Decisão,Ametista
-3,6.0,7.3,6.3,7.28,7.5,9.7,6.7,7.083,10.0,2.5,0,L,2022,Escola Pública,Ametista
-2,5.2,3.7,3.5,5.624,5.0,4.7,4.1,6.5,8.3,5.0,4,F,2018,Escola Pública,Quartzo
0,5.8,2.0,6.3,7.059,7.5,9.3,3.9,6.278,8.5,10.0,1,P,2020,Escola Pública,Ametista
-1,6.2,6.5,6.3,7.455,7.5,9.3,6.3,7.5,9.5,5.0,2,K,2020,Escola Pública,Ametista
-2,5.8,6.7,6.3,7.172,7.5,8.2,6.3,7.833,9.0,5.0,0,B,2020,Escola Pública,Ametista
-1,2.8,2.8,6.3,4.365,7.5,3.3,2.8,3.75,6.9,5.0,1,U,2022,Escola Pública,Quartzo
-1,8.5,7.8,6.3,8.34,7.5,10.0,8.2,9.25,9.5,5.0,0,O,2022,Escola Pública,Topázio
0,6.8,6.8,5.8,7.028,7.5,8.1,6.5,7.833,0.0,10.0,3,D,2022,Escola Pública,Ágata
-1,7.7,7.0,6.3,7.75,6.9,9.7,7.3,7.778,10.0,5.0,1,P,2021,Escola Pública,Ametista
-2,5.8,6.3,6.3,7.004,5.6,9.5,6.1,7.167,9.0,5.0,0,O,2019,Escola Pública,Ágata
-1,9.0,9.5,6.3,8.101,7.5,9.6,9.3,7.5,9.5,5.0,1,R,2022,Escola Pública,Topázio
0,4.7,3.7,6.3,7.405,7.5,9.4,4.2,7.417,9.0,10.0,0,O,2022,Escola Pública,Ametista
-1,7.0,8.5,6.3,7.483,7.5,9.2,7.8,7.333,8.0,5.0,1,N,2022,Escola Pública,Ametista
0,8.3,2.9,6.3,6.931,5.6,5.9,5.6,8.0,9.5,10.0,0,H,2022,Escola Pública,Ágata
-1,7.3,8.3,6.3,7.593,7.5,8.3,7.8,7.917,9.0,5.0,1,U,2022,Escola Pública,Ametista
-1,6.0,1.3,6.3,6.323,7.5,8.2,3.7,6.833,7.0,5.0,2,I,2019,Escola Pública,Ágata
0,7.3,7.6,6.3,7.263,7.5,7.3,7.5,6.667,6.9,10.0,0,V,2022,Escola Pública,Ametista
-2,8.3,5.8,6.3,7.336,7.5,9.3,7.1,7.056,8.0,5.0,1,C,2022,Escola Pública,Ametista
-1,6.8,7.0,3.2,6.695,6.3,6.7,5.7,7.208,9.2,5.0,3,K,2021,Escola Pública,Ágata
-2,2.3,2.3,6.3,5.313,7.5,3.5,2.3,7.083,9.5,5.0,0,F,2022,Escola Pública,Quartzo
0,6.0,9.0,6.3,8.226,7.5,8.2,7.5,8.222,10.0,10.0,2,P,2022,Escola Pública,Topázio
-2,6.0,4.2,6.3,6.323,5.0,9.2,5.1,5.833,6.9,5.0,1,B,2016,Rede Decisão,Ágata
-1,5.5,3.3,2.3,3.032,5.0,0.0,3.7,3.792,0.0,5.0,4,A,2017,Rede Decisão,Quartzo
-1,4.5,3.0,6.3,6.051,7.5,7.4,3.8,5.5,7.9,5.0,3,E,2022,Escola Pública,Ágata
0,7.8,7.2,6.3,8.004,7.5,8.8,7.5,7.667,9.0,10.0,0,L,2022,Escola Pública,Ametista
-1,9.5,3.0,6.3,7.216,7.5,9.6,6.3,7.222,7.8,5.0,1,L,2022,Escola Pública,Ametista
-1,8.5,5.3,6.3,7.747,7.5,9.8,6.9,7.944,9.0,5.0,2,F,2021,Escola Pública,Ametista
0,5.8,6.0,6.3,6.253,8.1,5.0,5.9,8.333,0.0,10.0,0,Y,2022,Escola Pública,Ágata
0,6.3,3.7,2.8,6.719,5.6,7.6,4.3,5.583,10.0,10.0,3,E,2022,Escola Pública,Ágata
-2,6.8,8.0,6.3,7.518,7.5,8.8,7.4,7.75,9.5,5.0,0,B,2019,Escola Pública,Ametista
-1,5.8,4.3,7.3,6.527,6.9,6.9,5.8,6.111,8.3,5.0,3,N,2019,Escola Pública,Ágata
-2,8.5,6.3,6.3,7.302,5.6,8.9,7.4,7.611,8.5,5.0,1,R,2019,Escola Pública,Ametista
-1,7.5,6.7,6.3,7.232,7.5,8.6,7.1,7.833,6.4,5.0,2,L,2019,Escola Pública,Ametista
0,6.3,5.7,6.3,7.485,7.5,8.4,6.0,7.0,9.5,10.0,0,N,2022,Escola Pública,Ametista
-1,5.8,3.3,6.3,6.606,7.5,7.0,4.6,7.5,9.0,5.0,2,D,2019,Escola Pública,Ágata
-3,2.7,0.0,0.2,4.182,7.5,2.9,0.9,4.625,8.8,2.5,3,G,2017,Escola Pública,Quartzo
-1,9.0,9.3,6.3,7.577,7.5,7.6,9.2,7.333,9.5,5.0,1,N,2022,Escola Pública,Ametista
-1,8.5,6.8,6.3,7.476,7.5,8.9,7.7,7.833,7.3,5.0,1,P,2020,Escola Pública,Ametista
-1,5.8,4.5,6.6,7.131,7.5,8.8,5.6,6.625,9.6,5.0,3,K,2020,Escola Pública,Ametista
-1,8.0,4.3,6.3,6.743,5.6,7.7,6.2,6.833,9.0,5.0,2,F,2021,Escola Pública,Ágata
-1,7.2,2.7,6.3,6.083,5.0,7.5,4.9,6.5,7.4,5.0,2,I,2022,Escola Pública,Ágata
-1,7.0,3.0,6.3,5.918,7.5,5.3,5.0,5.708,8.3,5.0,3,E,2022,Escola Pública,Quartzo
0,5.8,6.5,6.3,7.483,7.5,7.3,6.2,7.5,9.5,10.0,0,S,2022,Escola Pública,Ametista
-2,7.2,7.0,6.3,6.634,7.5,6.2,7.1,6.333,9.5,5.0,0,F,2022,Escola Pública,Ágata
-1,4.0,4.5,6.3,5.915,7.5,6.1,4.3,5.889,8.0,5.0,2,U,2019,Escola Pública,Quartzo
-1,3.0,0.5,6.3,5.864,7.5,8.7,1.8,5.833,9.0,5.0,2,B,2022,Escola Pública,Quartzo
-2,6.0,8.3,6.3,7.132,7.5,7.3,7.2,7.278,9.5,5.0,1,B,2020,Escola Pública,Ametista
-1,7.0,2.5,6.3,6.73,7.5,8.4,4.8,6.778,9.0,5.0,1,P,2022,Escola Pública,Ágata
-1,8.3,9.8,6.3,7.369,7.5,8.3,9.1,7.417,8.5,5.0,0,Y,2022,Escola Pública,Ametista
-2,5.7,7.0,6.3,7.049,7.5,8.3,6.3,7.667,8.0,5.0,0,Q,2022,Escola Pública,Ametista
-1,6.3,7.2,6.3,6.644,7.5,6.6,6.8,7.5,7.0,5.0,0,Q,2022,Escola Pública,Ágata
-2,5.0,8.5,6.3,6.018,7.5,7.5,6.8,6.833,0.0,5.0,1,M,2021,Escola Pública,Ágata
-2,6.2,4.7,6.3,6.707,5.6,8.5,5.4,7.0,9.0,5.0,0,J,2022,Escola Pública,Ágata
-2,8.0,8.8,6.3,8.181,8.1,9.8,8.4,8.389,8.5,5.0,1,R,2019,Escola Pública,Topázio
0,7.8,8.5,6.3,8.155,8.1,8.7,8.1,7.25,10.0,10.0,0,H,2022,Escola Pública,Topázio
-1,8.8,10.0,6.3,8.334,7.5,8.4,9.4,9.333,10.0,5.0,1,H,2019,Escola Pública,Topázio
-2,5.7,6.5,6.3,6.922,7.5,8.4,6.1,7.083,8.0,5.0,0,T,2022,Escola Pública,Ágata
-1,9.7,9.3,6.3,8.814,8.8,10.0,9.5,9.611,9.5,5.0,1,J,2019,Escola Pública,Topázio
-1,7.2,6.2,6.9,7.566,5.6,9.6,6.7,8.458,7.5,5.0,5,K,2016,Rede Decisão,Ametista
-2,5.3,5.0,7.7,6.982,5.0,8.7,6.0,7.875,7.1,5.0,3,F,2022,Escola Pública,Ágata
-1,6.0,2.7,7.1,6.746,5.6,7.2,5.3,8.25,7.5,5.0,4,L,2021,Escola Pública,Ágata
-1,8.8,8.3,6.3,8.013,7.5,9.3,8.6,8.167,9.0,5.0,1,D,2021,Escola Pública,Ametista
-1,4.3,8.5,7.8,7.876,6.9,9.0,6.8,8.944,9.2,5.0,6,A,2019,Rede Decisão,Ametista
-3,5.0,0.0,6.3,5.427,6.9,7.8,2.5,5.0,10.0,2.5,1,F,2022,Escola Pública,Quartzo
-2,8.0,3.0,6.3,6.581,7.5,6.8,5.5,6.875,7.5,5.0,4,P,2022,Escola Pública,Ágata
-2,8.2,8.3,6.3,7.785,7.5,9.2,8.3,8.389,7.5,5.0,1,R,2019,Escola Pública,Ametista
0,3.7,7.7,6.3,7.227,5.6,8.1,5.7,7.5,8.5,10.0,0,J,2022,Escola Pública,Ametista
-1,8.2,6.0,6.3,7.432,7.5,6.7,7.1,8.833,10.0,5.0,0,N,2021,Escola Pública,Ametista
-1,5.7,8.9,6.3,6.575,5.6,5.7,7.3,7.667,8.9,5.0,0,R,2021,Escola Pública,Ágata
-1,6.5,5.7,8.0,7.54,6.9,7.8,6.7,8.5,9.2,5.0,5,L,2021,Escola Pública,Ametista
-2,2.0,2.5,6.3,4.972,5.0,3.8,2.3,6.833,9.5,5.0,1,H,2019,Escola Pública,Quartzo
-1,7.5,8.2,7.3,8.468,7.5,10.0,7.7,9.125,10.0,5.0,3,F,2016,Rede Decisão,Topázio
-2,3.0,2.7,6.3,5.889,7.5,6.1,2.8,7.0,8.0,5.0,1,J,2019,Escola Pública,Quartzo
0,9.3,9.6,6.3,8.68,8.1,9.2,9.4,7.917,10.0,10.0,0,D,2022,Escola Pública,Topázio
-1,6.2,1.5,6.3,5.451,7.5,6.7,3.8,7.222,0.0,5.0,2,Q,2018,Escola Pública,Quartzo
-2,6.3,1.7,6.3,5.588,6.9,6.0,4.0,5.75,7.9,5.0,1,G,2017,Escola Pública,Quartzo
0,9.3,9.8,6.3,8.566,6.9,9.2,9.5,8.083,9.5,10.0,0,K,2022,Escola Pública,Topázio
-3,4.0,5.3,8.0,4.936,7.5,4.8,5.8,5.708,0.0,2.5,3,C,2021,Escola Pública,Quartzo
-4,4.5,4.7,6.3,5.518,5.0,5.4,4.6,6.778,10.0,2.5,2,J,2018,Escola Pública,Quartzo
0,8.0,3.0,6.3,7.742,7.5,9.3,5.5,7.5,9.0,10.0,2,K,2022,Escola Pública,Ametista
-2,7.2,7.3,6.3,7.151,6.9,8.5,7.3,7.083,9.0,5.0,0,I,2019,Escola Pública,Ametista
-1,7.0,5.0,0.0,6.1,7.5,7.3,4.0,6.125,6.3,5.0,3,D,2022,Escola Pública,Ágata
0,2.9,7.0,5.7,7.427,5.6,8.6,5.2,7.389,7.9,10.0,7,A,2016,Rede Decisão,Ametista
-1,6.0,6.3,6.3,6.763,7.5,8.0,6.2,6.722,9.0,5.0,1,P,2022,Escola Pública,Ágata
0,6.9,7.2,6.3,7.873,7.5,8.3,7.0,7.5,10.0,10.0,0,M,2022,Escola Pública,Ametista
-2,9.2,9.2,6.3,8.121,7.5,9.2,9.2,8.556,9.0,5.0,1,M,2020,Escola Pública,Topázio
-1,7.8,7.3,6.3,7.745,5.0,9.7,7.6,8.833,9.5,5.0,1,G,2019,Escola Pública,Ametista
0,9.6,9.0,6.3,8.26,8.1,7.5,9.3,7.917,9.5,10.0,0,C,2022,Escola Pública,Topázio
-1,3.4,5.7,5.8,6.158,7.5,6.3,5.0,5.833,8.8,5.0,5,L,2019,Escola Pública,Ágata
0,8.9,9.3,6.3,8.244,8.1,7.3,9.1,8.167,9.5,10.0,0,H,2022,Escola Pública,Topázio
-1,9.5,5.5,6.3,6.86,5.0,7.2,7.5,6.944,9.5,5.0,1,J,2022,Escola Pública,Ágata
-1,8.0,4.0,6.3,7.195,7.5,9.3,6.0,7.056,8.5,5.0,2,K,2022,Escola Pública,Ametista
-1,9.0,8.7,6.3,7.95,7.5,10.0,8.8,7.5,8.5,5.0,1,B,2020,Escola Pública,Ametista
0,8.0,6.7,9.5,8.006,7.5,8.4,8.1,8.5,6.7,10.0,5,A,2017,Rede Decisão,Ametista
-1,1.6,9.0,3.7,4.952,7.5,4.6,4.8,6.0,0.0,5.0,6,A,2020,Escola Pública,Quartzo
-2,7.2,6.0,6.3,7.078,7.5,7.3,6.5,7.542,7.9,5.0,3,B,2021,Escola Pública,Ametista
-1,8.2,8.0,9.5,7.692,5.6,7.8,8.6,8.583,8.3,5.0,4,F,2019,Escola Pública,Ametista
-1,1.5,8.2,5.3,6.242,7.5,6.1,5.0,6.333,7.9,5.0,6,A,2019,Escola Pública,Ágata
-1,9.6,9.9,6.3,8.26,7.5,9.3,9.7,8.5,9.5,5.0,0,K,2022,Escola Pública,Topázio
-1,4.5,3.0,6.3,6.116,7.5,7.4,3.8,5.333,8.8,5.0,3,E,2022,Escola Pública,Ágata
-1,9.3,6.0,6.3,7.576,7.5,8.2,7.7,8.722,7.9,5.0,1,A,2022,Escola Pública,Ametista
-1,5.0,5.0,6.3,6.722,7.5,8.1,5.0,6.778,8.5,5.0,2,I,2022,Escola Pública,Ágata
-1,7.5,5.3,7.5,6.236,6.3,7.8,6.8,7.25,0.0,5.0,3,L,2020,Escola Pública,Ágata
-1,8.5,5.3,6.3,7.359,5.6,9.2,6.9,8.389,7.5,5.0,2,L,2019,Rede Decisão,Ametista
0,5.9,8.8,6.3,7.576,8.1,6.6,7.4,7.083,10.0,10.0,0,A,2022,Escola Pública,Ametista
-2,5.8,3.7,6.3,6.418,5.6,8.8,4.8,6.778,9.5,5.0,2,J,2022,Escola Pública,Ágata
-1,6.2,3.0,6.3,6.254,7.5,7.4,4.6,6.278,7.5,5.0,1,K,2021,Escola Pública,Ágata
-1,8.2,8.2,6.3,7.826,7.5,10.0,8.2,7.444,8.5,5.0,1,B,2020,Escola Pública,Ametista
-3,2.7,1.7,0.0,3.738,5.0,3.5,1.4,3.917,7.1,2.5,4,F,2019,Escola Pública,Quartzo
-1,8.2,8.2,9.7,8.282,8.8,9.1,8.7,9.417,8.3,5.0,5,B,2018,Rede Decisão,Topázio
-1,2.2,1.8,6.3,5.93,7.5,7.0,2.0,7.056,9.0,5.0,2,U,2022,Escola Pública,Quartzo
-2,5.5,5.0,6.3,6.736,6.9,7.5,5.3,7.5,9.0,5.0,1,R,2019,Escola Pública,Ágata
-1,5.3,6.0,8.7,6.926,7.5,6.4,6.7,7.792,6.7,5.0,4,B,2019,Escola Pública,Ágata
-1,5.0,5.8,6.3,5.198,7.5,5.1,5.4,6.583,0.0,5.0,0,V,2022,Escola Pública,Quartzo
0,7.0,5.0,6.3,7.725,5.0,10.0,6.0,7.5,9.0,10.0,1,D,2022,Escola Pública,Ametista
-2,9.5,9.0,9.5,7.712,7.5,7.7,9.3,7.875,8.3,5.0,5,B,2022,Escola Pública,Ametista
-1,6.5,8.0,6.3,7.783,7.5,10.0,7.3,7.292,8.8,5.0,7,D,2022,Escola Pública,Ametista
1,7.5,7.0,8.7,8.317,6.3,10.0,7.7,8.292,7.5,10.0,4,L,2018,Rede Decisão,Topázio
-2,2.5,6.3,8.0,5.581,5.0,6.1,5.6,4.375,9.2,5.0,5,A,2018,Escola Pública,Quartzo
0,7.0,7.3,6.3,8.306,7.5,9.4,7.2,8.278,10.0,10.0,1,B,2020,Escola Pública,Topázio
-1,2.7,2.3,6.3,4.556,5.0,4.4,2.5,4.833,7.9,5.0,2,I,2017,Escola Pública,Quartzo
-1,3.2,3.0,2.0,5.307,7.5,6.1,2.7,7.583,0.0,5.0,3,A,2021,Escola Pública,Quartzo
-2,7.2,6.3,7.7,7.397,7.5,8.5,7.1,7.292,7.9,5.0,3,D,2021,Escola Pública,Ametista
-2,8.0,6.0,6.3,6.725,7.5,7.0,7.0,6.458,9.2,5.0,5,B,2022,Escola Pública,Ágata
-1,6.2,5.3,6.3,6.837,7.5,7.3,5.8,7.611,8.5,5.0,2,B,2019,Escola Pública,Ágata
-1,8.1,9.5,6.3,7.484,7.5,7.7,8.8,7.25,9.5,5.0,0,K,2022,Escola Pública,Ametista
-1,7.8,7.3,6.3,6.731,7.5,5.9,7.6,7.083,8.0,5.0,0,G,2021,Escola Pública,Ágata
0,6.0,4.0,6.3,6.33,8.1,5.9,5.0,5.5,8.0,10.0,0,H,2022,Escola Pública,Ágata
-2,2.7,5.7,0.2,4.665,7.5,3.6,2.8,3.833,8.8,5.0,3,M,2022,Escola Pública,Quartzo
0,6.7,7.0,6.3,7.387,5.0,8.6,6.8,7.0,10.0,10.0,0,F,2022,Escola Pública,Ametista
-1,1.2,1.3,0.2,4.277,7.5,2.8,0.9,3.875,9.2,5.0,3,G,2018,Escola Pública,Quartzo
0,7.4,9.3,6.3,7.736,8.1,7.7,8.4,6.75,9.0,10.0,0,H,2022,Escola Pública,Ametista
-2,5.2,2.0,6.3,6.626,7.5,8.5,3.6,6.778,10.0,5.0,2,Q,2022,Escola Pública,Ágata
-1,8.7,6.0,6.3,7.193,6.3,8.2,7.3,8.389,6.4,5.0,2,Q,2022,Escola Pública,Ametista
0,6.9,8.4,6.3,7.523,5.6,7.1,7.7,7.333,10.0,10.0,0,Z,2022,Escola Pública,Ametista
0,7.2,8.0,8.5,8.226,6.9,8.4,7.9,8.125,8.3,10.0,3,K,2019,Rede Decisão,Topázio
-1,5.8,6.3,4.2,5.201,4.4,5.2,5.4,6.917,0.0,5.0,3,B,2017,Escola Pública,Quartzo
0,5.5,4.7,6.4,7.215,7.5,8.5,5.5,6.542,6.7,10.0,4,L,2021,Escola Pública,Ametista
-1,8.0,4.8,6.3,7.181,5.0,8.8,6.4,8.25,9.0,5.0,1,G,2018,Escola Pública,Ametista
-2,8.0,8.7,6.3,7.902,8.8,8.2,8.3,8.25,10.0,5.0,0,I,2021,Escola Pública,Ametista
-1,1.7,4.3,6.3,5.261,5.0,3.7,3.0,7.222,9.0,5.0,2,K,2019,Escola Pública,Quartzo
-2,4.8,5.3,6.3,6.099,5.0,7.4,5.1,6.833,7.5,5.0,0,F,2021,Escola Pública,Ágata
-1,1.0,0.3,6.3,3.633,5.6,5.0,0.7,4.5,0.0,5.0,2,U,2022,Escola Pública,Quartzo
-2,9.2,9.3,6.3,6.994,7.5,5.4,9.2,7.25,9.0,5.0,0,M,2021,Escola Pública,Ágata
-1,7.2,7.8,7.2,7.973,9.4,8.0,7.4,8.375,9.2,5.0,4,A,2016,Rede Decisão,Ametista
-2,7.5,9.5,6.3,7.729,7.5,8.4,8.5,7.917,9.5,5.0,1,H,2022,Escola Pública,Ametista
-1,5.3,4.0,6.3,6.776,6.3,8.8,4.7,7.722,7.4,5.0,2,I,2022,Escola Pública,Ágata
0,4.5,6.3,9.7,7.055,6.3,5.2,6.8,6.778,8.8,10.0,7,A,2017,Rede Decisão,Ametista
-1,9.3,9.0,6.3,7.665,7.5,8.3,9.2,7.583,8.5,5.0,0,V,2022,Escola Pública,Ametista
-1,7.7,8.3,6.3,7.855,7.5,9.0,8.0,8.75,8.0,5.0,1,H,2021,Escola Pública,Ametista
1,5.2,5.5,7.3,7.675,5.0,9.2,6.0,7.458,9.2,10.0,5,K,2017,Rede Decisão,Ametista
0,6.0,4.0,6.3,7.101,7.5,8.8,5.0,5.167,8.3,10.0,3,B,2022,Escola Pública,Ametista
-1,7.1,9.0,9.3,8.965,9.4,9.6,8.5,10.0,10.0,5.0,6,A,2019,Rede Decisão,Topázio
-1,3.3,0.0,6.3,3.898,4.4,4.3,1.7,6.333,0.0,5.0,0,N,2022,Escola Pública,Quartzo
-2,9.0,9.3,6.3,7.808,7.5,8.2,9.2,7.833,9.0,5.0,1,C,2018,Escola Pública,Ametista
-1,9.0,10.0,6.3,7.683,7.5,8.7,9.5,7.111,6.8,5.0,2,M,2022,Escola Pública,Ametista
-1,6.5,6.0,6.3,6.876,7.5,7.9,6.3,7.278,7.0,5.0,2,Q,2022,Escola Pública,Ágata
-1,8.2,5.2,6.3,6.95,6.3,7.4,6.7,7.5,8.5,5.0,2,F,2018,Escola Pública,Ágata
-1,5.5,7.8,8.8,6.957,5.0,7.1,7.4,6.667,9.2,5.0,5,L,2016,Rede Decisão,Ágata
0,7.0,6.0,6.3,7.721,7.5,8.2,6.5,7.667,9.0,10.0,2,B,2017,Escola Pública,Ametista
-2,1.8,4.0,6.3,5.233,7.5,4.1,2.9,5.917,9.0,5.0,1,H,2022,Escola Pública,Quartzo
0,8.0,6.0,6.3,8.143,7.5,9.1,7.0,7.889,10.0,10.0,2,B,2022,Escola Pública,Topázio
0,4.0,6.5,6.3,7.096,7.5,7.7,5.3,7.0,8.0,10.0,0,N,2022,Escola Pública,Ametista
0,7.2,8.7,8.7,8.673,5.6,9.7,8.2,8.708,9.6,10.0,3,F,2018,Rede Decisão,Topázio
-1,0.0,8.0,6.3,6.793,7.5,8.3,4.0,7.75,7.9,5.0,7,D,2022,Escola Pública,Ágata
-1,6.5,7.0,4.7,7.889,6.9,10.0,6.1,8.389,10.0,5.0,3,N,2022,Escola Pública,Ametista
1,6.0,5.3,6.3,7.713,7.5,9.7,5.7,7.167,9.0,10.0,1,L,2021,Escola Pública,Ametista
-2,5.5,3.5,6.3,6.654,5.6,8.5,4.5,7.722,7.9,5.0,2,I,2019,Escola Pública,Ágata
1,9.3,8.1,7.0,7.946,7.5,8.3,8.1,7.0,7.9,10.0,3,K,2019,Rede Decisão,Ametista
-2,8.0,9.3,6.3,7.798,5.6,9.7,7.9,7.833,9.2,5.0,4,P,2018,Rede Decisão,Ametista
0,9.0,9.5,6.3,8.098,7.5,9.0,9.3,7.167,8.0,10.0,0,Z,2022,Escola Pública,Topázio
-1,5.2,1.5,6.3,6.606,7.5,8.6,3.3,7.278,9.5,5.0,1,R,2022,Escola Pública,Ágata
-1,1.3,1.0,6.3,4.742,7.5,4.0,1.2,5.444,9.5,5.0,1,A,2020,Escola Pública,Quartzo
0,8.5,9.8,6.3,8.538,7.5,9.0,9.2,8.417,8.5,10.0,0,Y,2022,Escola Pública,Topázio
-1,8.7,8.2,6.3,7.591,7.5,8.0,8.4,7.556,9.5,5.0,1,B,2019,Escola Pública,Ametista
0,8.0,6.7,8.7,8.51,6.3,9.4,7.8,9.208,7.5,10.0,3,F,2018,Rede Decisão,Topázio
-1,5.2,4.3,6.3,6.281,7.5,6.0,4.8,6.833,9.5,5.0,1,H,2019,Escola Pública,Ágata
-1,8.0,9.0,6.3,8.22,7.5,9.2,8.5,8.833,10.0,5.0,1,H,2020,Escola Pública,Topázio
-1,7.5,9.0,6.3,7.703,8.1,9.0,8.3,8.0,8.5,5.0,0,D,2022,Escola Pública,Ametista
0,7.5,5.0,6.3,7.335,8.8,6.9,6.3,7.25,6.7,10.0,3,A,2022,Escola Pública,Ametista
0,7.3,4.7,6.3,6.996,7.5,5.8,6.0,6.917,9.5,10.0,0,N,2021,Escola Pública,Ágata
-1,9.2,9.2,6.3,7.738,7.5,8.7,9.2,7.083,9.0,5.0,0,F,2022,Escola Pública,Ametista
-1,6.0,5.0,6.3,6.931,4.4,9.3,5.5,7.556,9.0,5.0,2,U,2019,Escola Pública,Ágata
-2,7.0,7.0,6.3,7.625,7.5,9.1,7.0,8.083,9.5,5.0,0,B,2022,Escola Pública,Ametista
-1,8.5,2.0,6.3,7.094,7.5,10.0,5.3,7.056,8.0,5.0,1,C,2022,Escola Pública,Ametista
-2,5.7,7.0,8.8,7.642,7.5,9.3,7.2,7.917,9.2,5.0,5,B,2022,Escola Pública,Ametista
-1,8.3,3.3,6.3,7.199,7.5,9.2,5.8,7.667,8.5,5.0,2,U,2022,Escola Pública,Ametista
-1,5.3,9.5,6.3,7.856,7.5,9.0,7.4,8.833,9.0,5.0,1,H,2022,Escola Pública,Ametista
-1,8.6,9.6,6.3,8.084,7.5,9.0,9.1,8.25,10.0,5.0,0,K,2022,Escola Pública,Topázio
-2,3.7,1.0,0.7,4.312,5.0,3.6,1.8,3.75,9.2,5.0,3,G,2019,Escola Pública,Quartzo
-1,3.1,9.0,7.8,7.474,8.1,7.4,6.7,8.833,8.3,5.0,6,A,2019,Rede Decisão,Ametista
0,3.3,4.3,8.3,6.1,5.0,5.4,5.3,6.0,5.4,10.0,3,N,2022,Escola Pública,Ágata
-1,6.0,0.5,6.3,5.711,7.5,8.1,3.3,5.056,6.8,5.0,2,Q,2022,Escola Pública,Quartzo
2,6.8,5.3,8.5,7.957,5.6,9.1,6.9,8.083,7.9,10.0,4,L,2018,Rede Decisão,Ametista
-1,7.0,7.2,8.2,7.411,7.5,8.8,7.4,7.208,7.1,5.0,3,K,2021,Escola Pública,Ametista
-2,4.7,1.7,1.7,4.932,7.5,3.6,2.7,4.708,8.8,5.0,3,B,2021,Escola Pública,Quartzo
-1,4.3,3.7,6.3,6.104,5.6,5.9,4.0,7.222,10.0,5.0,2,I,2019,Escola Pública,Ágata
0,8.2,5.0,6.3,7.561,7.5,7.3,6.6,7.917,9.5,10.0,0,R,2022,Escola Pública,Ametista
-1,6.2,5.7,6.3,7.284,7.5,9.3,5.9,7.667,8.0,5.0,2,L,2021,Escola Pública,Ametista
-1,6.0,8.2,6.3,7.678,7.5,8.8,7.1,8.278,10.0,5.0,1,A,2022,Escola Pública,Ametista
0,6.7,2.3,6.3,7.263,7.5,8.3,4.5,7.5,8.5,10.0,2,B,2019,Escola Pública,Ametista
0,8.1,8.5,6.3,8.143,7.5,8.9,8.3,7.333,9.5,10.0,0,M,2022,Escola Pública,Topázio
-1,6.0,7.0,6.3,6.151,7.5,5.2,6.5,5.083,9.2,5.0,3,M,2022,Escola Pública,Ágata
-1,7.8,5.7,6.3,7.044,7.5,8.8,6.8,6.083,9.0,5.0,1,U,2022,Escola Pública,Ametista
-1,6.5,6.0,4.2,7.174,5.6,9.0,5.6,7.75,8.8,5.0,4,F,2016,Escola Pública,Ametista
-1,7.5,5.0,6.3,7.277,7.5,8.8,6.3,7.167,9.5,5.0,1,U,2022,Escola Pública,Ametista
1,7.8,7.0,8.1,7.618,5.0,7.8,7.6,7.25,8.8,10.0,4,A,2019,Rede Decisão,Ametista
0,8.0,6.5,6.3,7.503,5.0,9.5,7.3,6.944,6.4,10.0,2,F,2022,Escola Pública,Ametista
-2,6.2,6.8,6.4,7.498,5.6,9.2,6.5,9.208,7.1,5.0,5,K,2021,Escola Pública,Ametista
-1,9.2,5.3,6.3,7.28,8.1,9.1,7.3,7.222,7.0,5.0,2,Q,2019,Escola Pública,Ametista
-1,5.0,2.3,6.3,6.636,7.5,8.7,3.7,6.944,9.0,5.0,2,A,2019,Escola Pública,Ágata
0,7.7,5.7,10.0,7.172,7.5,5.8,7.8,6.542,6.7,10.0,3,D,2021,Escola Pública,Ametista
-1,6.0,5.0,6.3,6.38,5.0,8.4,5.5,7.111,5.8,5.0,2,U,2022,Escola Pública,Ágata
0,3.7,1.7,0.0,5.061,7.5,3.4,1.8,4.958,7.9,10.0,4,B,2019,Escola Pública,Quartzo
0,6.7,7.8,6.3,8.086,7.5,9.7,7.3,6.889,9.5,10.0,1,M,2020,Escola Pública,Topázio
-1,0.5,7.0,6.3,6.945,7.5,9.2,3.8,7.25,9.6,5.0,7,D,2022,Escola Pública,Ágata
-2,8.7,8.7,6.3,7.755,7.5,9.3,8.7,7.417,9.0,5.0,0,F,2021,Escola Pública,Ametista
-2,7.8,7.5,8.0,7.64,7.5,7.5,7.8,8.667,8.3,5.0,5,C,2022,Escola Pública,Ametista
-1,4.3,3.3,6.0,6.258,7.5,6.4,4.6,6.5,7.5,5.0,4,A,2018,Escola Pública,Ágata
-2,6.5,6.3,8.3,7.255,5.6,8.5,7.1,6.958,9.2,5.0,3,K,2022,Escola Pública,Ametista
0,0.0,4.0,6.3,6.687,7.5,8.1,2.0,6.611,9.5,10.0,2,M,2022,Escola Pública,Ágata
1,7.3,7.3,7.3,8.107,7.5,8.7,7.3,7.708,7.9,10.0,4,A,2020,Rede Decisão,Topázio
